gene,log2FC,pval,is_DEG
catalase A,5.571444799344979,5.406710140064091e-08,True
Sue1p,4.231303283542405,7.705176992325167e-08,True
tubulin-binding prefolding complex subunit GIM3,-1.2204439424228468,1.7641867779707733e-07,True
alcohol dehydrogenase ADH2,7.723890188651755,2.1257303036427712e-07,True
glutamate dehydrogenase (NADP(+)) GDH3,4.089282988999328,2.890303107201053e-07,True
Xbp1p,4.004069204241919,3.3598068157121875e-07,True
Dur3p,2.6321851836669334,3.5956198459007097e-07,True
malate dehydrogenase MDH3,1.8245978317786582,3.5958506164203005e-07,True
Isf1p,4.8751612062750445,5.150008331430001e-07,True
ribosomal 40S subunit protein S17A,-1.265027183510325,5.740160055280501e-07,True
bifunctional hydroxyacyl-CoA dehydrogenase/enoyl-CoA hydratase FOX2,5.447274908582795,6.704739732215993e-07,True
Gpg1p,5.654907662580682,7.717463983642508e-07,True
Igd1p,4.54691795087054,8.225861373737029e-07,True
acetate--CoA ligase 1,6.97577206854743,9.63702715996417e-07,True
ATP-binding cassette long-chain fatty acid transporter PXA1,4.209652086752126,1.0073868343805507e-06,True
Fmp16p,7.3425927375726605,1.2762913346137447e-06,True
hypothetical protein,-1.6814249345393186,1.3142453913284623e-06,True
glycerol 2-dehydrogenase (NADP(+)) GCY1,3.984241749830601,1.4752995440823972e-06,True
ribosomal 40S subunit protein S18B,-1.445880250481288,1.5060028747794902e-06,True
Pci8p,1.6494929468961517,1.59912031946887e-06,True
Rim4p,3.544898245795587,1.6237613215159924e-06,True
Pet20p,1.8799497267366299,1.6316050171943336e-06,True
ubiquitin-ribosomal 60S subunit protein L40A fusion protein,-1.0264430838204657,1.6371354690607911e-06,True
ribosomal 60S subunit protein L33A,-1.2466971179359074,1.6452430188165856e-06,True
Mec3p,1.3154477547512995,1.7617247290793386e-06,True
putative ammonium permease ATO3,4.969453861973365,1.8143005135333879e-06,True
Pet10p,1.8848863898118111,1.989406713435978e-06,True
ribosomal 40S subunit protein S1B,-1.2849155521670372,1.9968548064979635e-06,True
GDP-mannose transporter,-1.3211584692490819,2.1668533408950624e-06,True
NADPH dehydrogenase,-2.022283760967314,2.4163585733465676e-06,True
hypothetical protein,1.1633298968759167,2.4590213543078413e-06,True
5'-(N(7)-methyl 5'-triphosphoguanosine)-(mRNA) diphosphatase,1.6923216214194943,2.684018770904341e-06,True
Spg1p,8.01927655858885,2.7058603391663365e-06,True
Sfc1p,7.869821590130858,2.980624792042453e-06,True
Aqy3p,2.7321336118131936,3.000004054497916e-06,True
alcohol dehydrogenase ADH1,-2.0579909936035694,3.0328859363840266e-06,True
glyoxylate reductase,3.306151317650401,3.040582775001463e-06,True
ribosomal 60S subunit protein L38,-1.094907447108163,3.0740936422316173e-06,True
alpha-ketoglutarate dehydrogenase KGD2,2.1159153460311098,3.102942179384962e-06,True
ubiquinone biosynthesis protein COQ4,1.7584798098753964,3.1808710964652444e-06,True
ubiquitin-ribosomal 60S subunit protein L40B fusion protein,-1.272315365799777,3.242952548359187e-06,True
ribosomal 40S subunit protein S27A,-1.0755937569914433,3.3244555797033774e-06,True
Atg3p,1.8871685833319862,3.3598846463798187e-06,True
Rgi2p,10.001314828330132,3.42311997871663e-06,True
nucleoporin POM33,1.35678447055367,3.76857803715323e-06,True
ribosomal 60S subunit protein L6B,-1.1793957582969234,3.790658319396869e-06,True
glyoxylate reductase,3.3434194645644393,3.834261480751406e-06,True
Atg39p,5.386599771649392,3.840371001515856e-06,True
Ubx5p,1.093366182559361,3.886395800421601e-06,True
hexose transporter HXT3,-4.114787767680668,4.205344990460623e-06,True
hexadecenal dehydrogenase,2.667332200306886,4.301937294408602e-06,True
ribosomal 40S subunit protein S24B,-1.2474961258012165,4.4806304379143646e-06,True
isocitrate dehydrogenase (NADP(+)) IDP2,5.598617193499269,4.659927087608711e-06,True
putative 2-methylcitrate dehydratase,2.8690575784021144,4.954010446453037e-06,True
medium-chain fatty acid-CoA ligase FAA2,4.450130190214937,5.217988909212021e-06,True
ribosomal 60S subunit protein L14A,-1.3637970133432589,5.506229074435233e-06,True
ribonuclease P/MRP protein subunit POP7,1.3008401552750302,5.887110977137107e-06,True
Asf2p,1.385510262221369,5.979634747950567e-06,True
ribosomal 40S subunit protein S21B,-1.2977294276658409,6.1005717120396305e-06,True
ribosomal 40S subunit protein S24A,-1.1836390913790904,6.206474321677369e-06,True
cytochrome c oxidase subunit IV,1.1604576443179582,6.210485469745355e-06,True
iron-binding protein ISU1,2.192125195230213,6.391833506344688e-06,True
DNA-binding protein SAW1,1.2836165202551575,6.39265904574915e-06,True
S-formylglutathione hydrolase,1.5689760315783117,6.543648933749653e-06,True
succinate--CoA ligase (GDP-forming) subunit beta,2.252103222471658,6.841543987472011e-06,True
ribonuclease T2,2.7054330172604897,7.0181783877938355e-06,True
ribosomal 60S subunit protein L9A,-1.9980177640671837,7.246106755792588e-06,True
Rec107p,1.3316424504304507,7.315392984259108e-06,True
malate dehydrogenase MDH2,5.26562165723406,7.591530234427122e-06,True
"3'(2'),5'-bisphosphate nucleotidase",-1.1054572598197305,7.672981324639137e-06,True
"beta-1,3-glucan linked protein",5.412440707643993,7.86858083224065e-06,True
ribosomal 40S subunit protein S7A,-1.263397693246926,7.902352616000719e-06,True
Pai3p,5.76729390279923,8.120672251739595e-06,True
carnitine O-acetyltransferase CAT2,5.269068556448561,8.583278198438497e-06,True
ribosomal 60S subunit protein L18A,-1.052545939464876,8.597006474799627e-06,True
ribosomal 60S subunit protein L21B,-1.2436725488485472,8.900802126258968e-06,True
ribosomal 60S subunit protein L11B,-1.098012667007934,8.918265890975815e-06,True
NADH-ubiquinone reductase (H(+)-translocating) NDE1,1.2738075168225915,8.994933323192719e-06,True
DNA-binding transcription factor ADR1,3.596022655695791,9.045108068461602e-06,True
Fat3p,4.871106817854869,9.151948806297682e-06,True
Tes1p,3.021553177694182,9.26304296716665e-06,True
guanine deaminase,1.503171269480624,9.643832816063756e-06,True
glutathione peroxidase GPX1,4.954021627969624,9.771550997691567e-06,True
ribosomal 60S subunit protein L32,-1.1478388597789273,9.844977119472224e-06,True
tryptophan--tRNA ligase WRS1,-1.085123022523386,9.968554345244514e-06,True
protein kinase PKP2,1.6481270218482607,9.998375059327076e-06,True
ribosomal 60S subunit protein L23B,-1.4411679151517287,1.0189903153802252e-05,True
glutamate decarboxylase GAD1,3.6091950877565666,1.0220109970024193e-05,True
lipid-binding protein LSP1,2.6164966786146113,1.0759961496397222e-05,True
putative peptide hydrolase,2.296003119117831,1.0760535030345596e-05,True
ribosomal 60S subunit protein L25,-1.0491795785678342,1.0831633129884969e-05,True
hypothetical protein,1.9518445097066062,1.1378733424109797e-05,True
ribosomal 40S subunit protein S1A,-1.0304828871393852,1.173947789854703e-05,True
Fun19p,2.1195837654319405,1.1830722233114933e-05,True
ribosomal 60S subunit protein L27A,-1.5404580637652074,1.1889431504398233e-05,True
ribosomal 60S subunit protein L28,-1.0578026385415704,1.2204515213095125e-05,True
ribosomal 60S subunit protein L34A,-1.173971686530523,1.2285964819275561e-05,True
hypothetical protein,1.7325940673264784,1.2474447977127375e-05,True
translation elongation factor EF-3,4.777664293316672,1.2639692502884655e-05,True
organic acid transporter,-1.5231502518316065,1.2733548173826647e-05,True
Dan4p,1.8217223764163601,1.2770674583995746e-05,True
Och1p,1.014728874643077,1.2787720329113846e-05,True
ubiquitin-ribosomal 40S subunit protein S31 fusion protein,-1.4443491089512577,1.2893539194083315e-05,True
Fmp40p,3.4946377973414227,1.312873370175171e-05,True
CTP synthase URA7,-1.2039425229527776,1.3255120160624876e-05,True
succinate dehydrogenase flavoprotein subunit SDH1,3.113511582672972,1.3277236382985941e-05,True
Ssu1p,2.9560652089650263,1.3510274311484698e-05,True
Hsp70 family ATPase SSA1,3.0541808001842465,1.360096781471324e-05,True
histone demethylase GIS1,1.517821347592776,1.366233738397673e-05,True
ribosomal 40S subunit protein S2,-1.3464986783635844,1.4085835420086103e-05,True
carboxylic ester hydrolase,2.2557703643274225,1.4192106505370584e-05,True
Pex3p,1.1958339451783546,1.4262001493073948e-05,True
malate dehydrogenase MDH1,1.647411722089526,1.4832435377904953e-05,True
Zps1p,2.0794269056155135,1.4904845894152583e-05,True
hypothetical protein,1.1356872063591332,1.4924424857272577e-05,True
ribosomal 40S subunit protein S19B,-1.2786339409566523,1.559309054779546e-05,True
ribosomal 60S subunit protein L15A,-1.1752448668159925,1.6143510849529688e-05,True
"glucan 1,4-alpha-glucosidase",3.128250748397349,1.616843911103196e-05,True
hypothetical protein,1.1926699013256306,1.626373980914128e-05,True
Cox26p,5.698194136496594,1.6293625348702195e-05,True
"phosphatidylinositol 4,5-bisphosphate-binding protein",1.3731956139142527,1.6426068026865857e-05,True
ribosomal 60S subunit protein L21A,-1.3024825119134888,1.7248294046086303e-05,True
phosphogluconate dehydrogenase (decarboxylating) GND2,6.0895830069835775,1.761273586044443e-05,True
ribosomal 60S subunit protein L20A,-1.1933254266568163,1.7755244299064067e-05,True
Sps19p,4.634878919512381,1.824613241664134e-05,True
transketolase TKL2,5.3588445009364545,1.9037589859126394e-05,True
F1F0 ATP synthase subunit d,1.482224721140497,1.9099208775493707e-05,True
Aqy1p,3.8512082697138985,1.91202973261419e-05,True
glycerol-3-phosphate dehydrogenase,5.190052260601074,1.9484645388726787e-05,True
ribosomal 40S subunit protein S12,-1.4049555549940234,1.972535215931926e-05,True
guanine nucleotide-binding protein subunit beta,-1.161648441134016,2.0104921786833596e-05,True
glycogenin glucosyltransferase GLG1,2.2872571807430213,2.046004338341307e-05,True
serine/threonine protein kinase PSK1,1.0493035414294907,2.1068211946739512e-05,True
lipid-binding protein PIL1,1.1405009668798556,2.184884601424975e-05,True
Mms4p,1.1635040368776144,2.2099543880416286e-05,True
carboxylesterase-mitochondrial 37S ribosomal protein YmS2,1.9549020179009102,2.2128189021492708e-05,True
bifunctional alcohol dehydrogenase/S-(hydroxymethyl)glutathione dehydrogenase,1.1001563491865074,2.218459698302687e-05,True
ribosomal 60S subunit protein L34B,-1.2294378931285177,2.260901303108189e-05,True
cAMP-dependent protein kinase regulatory subunit BCY1,1.6599169545118118,2.2689385376850073e-05,True
hypothetical protein,2.7304720578935147,2.2818778827858878e-05,True
ribosomal 60S subunit protein L18B,-1.2219466477573668,2.3058748557518185e-05,True
Mdg1p,1.7575781687220884,2.305994562324375e-05,True
Atg23p,2.219236663919635,2.3206414987402797e-05,True
sulfate adenylyltransferase,-1.599710405857718,2.345570326390009e-05,True
ribosomal 40S subunit protein S20,-1.5275285865398711,2.383872156421096e-05,True
ribosomal 60S subunit protein L22A,-1.449799523527112,2.39630326342674e-05,True
putative serine/threonine protein kinase MRK1,2.2307358178571137,2.41402867675083e-05,True
ribosomal 40S subunit protein S10B,-1.008928897719029,2.4161920226471627e-05,True
protein phosphatase regulator PIG1,2.092795211690379,2.7144495547967654e-05,True
bifunctional glutathione transferase/peroxidase,3.174018503615387,2.717281532340244e-05,True
Hsp90 cochaperone STI1,1.8474655663100172,2.723454155003867e-05,True
Vab2p,1.5564020955806606,2.7235652398747627e-05,True
Pcs60p,2.2882949456900654,2.7608922348943428e-05,True
Uip4p,6.246677793227828,2.8918787590402147e-05,True
SCF ubiquitin ligase complex subunit SAF1,2.5196699221902175,2.9140775010544566e-05,True
D-serine ammonia-lyase DSD1,1.463417848202166,2.9324607751190535e-05,True
Pso2p,1.3723072349616623,2.9401245969998067e-05,True
Aim41p,2.680927587063766,2.981276178909193e-05,True
peptidylprolyl isomerase RRD2,1.1320796188607707,3.019741214055862e-05,True
Tos8p,2.5922996582046522,3.0457468759906085e-05,True
cationic amino acid transporter,1.536851324333571,3.059445596189917e-05,True
ubiquitin-binding SDF ubiquitin ligase complex subunit MET30,1.0525272112063755,3.069142970416067e-05,True
Apj1p,1.9969382640702165,3.081910313267304e-05,True
pyruvate transporter MPC1,1.7730526704898049,3.087115002058661e-05,True
Mne1p,1.112824991332758,3.0936775519366807e-05,True
putative dodecenoyl-CoA isomerase DCI1,3.1661625914477374,3.1212051134798326e-05,True
hypothetical protein,2.430752236713681,3.135267994449764e-05,True
dihydrolipoyl dehydrogenase,1.1124480447186809,3.1411927563478026e-05,True
SUN family protein NCA3,4.769879434596702,3.1687937493605096e-05,True
Mdm36p,1.2547463122579963,3.2208370910380894e-05,True
6-phosphogluconolactonase SOL4,4.797515252676625,3.298662861232357e-05,True
glycogenin glucosyltransferase GLG2,2.0968533471413293,3.561762685470071e-05,True
Stp2p,1.3364387533789666,3.599247986096836e-05,True
Etr1p,4.6190831401708214,3.6043999012808e-05,True
Ysc84p,1.3507794821097336,3.650912109477307e-05,True
"bifunctional 4-alpha-glucanotransferase/amylo-alpha-1,6-glucosidase",2.7903844274764755,3.654971239063412e-05,True
serine/threonine protein kinase KNS1,2.386971052072785,3.692311252108687e-05,True
Atg20p,1.227714871675425,3.694296560737974e-05,True
ribosomal 60S subunit protein L13A,-1.3218319584371248,3.744432829988692e-05,True
trifunctional hydroxymethylpyrimidine kinase/phosphomethylpyrimidine kinase/thiaminase,1.113487562161641,3.745086049343679e-05,True
chaperone protein HSP26,8.495118035233952,3.816873762196736e-05,True
ribosomal 40S subunit protein S11B,-1.2368018184865601,3.876032698897827e-05,True
ribosomal 60S subunit protein L36B,-1.1008126183848077,3.890353110822451e-05,True
hypothetical protein,2.160902495896626,3.991580449239547e-05,True
U5 snRNP complex subunit LIN1,1.224633591121001,3.9970431604982994e-05,True
orotate phosphoribosyltransferase URA10,2.450184354355297,3.997696962913208e-05,True
Srd1p,2.2954001051444326,4.0399973343393315e-05,True
hypothetical protein,1.4096482742934113,4.0627223707389435e-05,True
bifunctional glycerol-3-phosphate/glycerone-phosphate O-acyltransferase GPT2,2.05547474788363,4.215220814514772e-05,True
long-chain fatty acid-CoA ligase FAA1,1.5336778211981814,4.2201187053357346e-05,True
ubiquitin-specific protease OTU1,1.0954370583435349,4.239254438485728e-05,True
succinate--CoA ligase (GDP-forming) subunit alpha,1.8760856264427206,4.2641945818975874e-05,True
dithiol glutaredoxin GRX2,2.094026338775987,4.2897351619199e-05,True
transcriptional modulator,1.718992442120677,4.312816078409774e-05,True
methylated-DNA--protein-cysteine methyltransferase,2.024780985179447,4.3508335124221055e-05,True
putative 3'-5' exonuclease,-1.0226824787869058,4.45750421938743e-05,True
Trk2p,1.0855732772923532,4.468012081491395e-05,True
histone acetyltransferase,3.0543444961390405,4.5260339191097834e-05,True
adenylosuccinate synthase,-1.3652214474099944,4.5267917990777725e-05,True
Trx3p,1.8681308699824628,4.542951950945524e-05,True
ribosomal 60S subunit protein L35B,-1.0245080078398328,4.5818031139229644e-05,True
ribosomal 60S subunit protein L1B,-1.2555033273565996,4.596842400523292e-05,True
ammonium permease MEP3,2.068233473685364,4.623437574917175e-05,True
formate dehydrogenase (NAD+),4.6755005988664475,4.66271468405805e-05,True
D-xylulose reductase XYL2,3.039933731868468,4.723073424781504e-05,True
Eis1p,1.8913575819306772,4.739922042300877e-05,True
Sdh8p,2.2913574523600433,4.7584091031942296e-05,True
proline permease PUT4,5.195903858374923,4.786272828887445e-05,True
NADHX epimerase,3.267656344415105,4.81823130938636e-05,True
F1F0 ATP synthase subunit alpha,1.2280056812972724,4.9410268752236594e-05,True
ribosomal 40S subunit protein S21A,-1.180137598190603,4.943714656580523e-05,True
Rec8p,2.8217255797605247,4.97174512509736e-05,True
hypothetical protein,1.5541667068622589,5.028236685101583e-05,True
ubiquinone biosynthesis protein COQ9,1.3475843213462095,5.038807416202221e-05,True
Sip18p,10.32805265078776,5.113184186143295e-05,True
pheromone-regulated protein PRM4,3.095432220444198,5.153649042222068e-05,True
ribosomal 60S subunit protein L31A,-1.0451103150598318,5.172802240600575e-05,True
Sip4p,3.6970095031847223,5.1900612301046475e-05,True
Sdd1p,2.67795295600371,5.1986140964621344e-05,True
ubiquitin-conjugating protein DMA2,1.2425571641792814,5.1991616389533616e-05,True
hypothetical protein,1.1745477274420186,5.211695783309252e-05,True
Fmp10p,1.583153222760152,5.270149701001015e-05,True
NADH/NAD(+) kinase,4.589384478901151,5.366888676292563e-05,True
glutamate dehydrogenase (NAD(+)),3.20953775719319,5.370086926584525e-05,True
Mrx5p,1.0261387968415967,5.421496747318791e-05,True
hypothetical protein,3.658507085147183,5.459841804568983e-05,True
Spo71p,1.1460150273992329,5.633727655082883e-05,True
alpha-glucoside permease,4.348928727377318,5.69701297027065e-05,True
protein kinase IKS1,2.226520246858481,5.706672418297493e-05,True
ribosomal 60S subunit protein L1A,-1.0545704010962496,5.72142561176841e-05,True
14-3-3 family protein BMH2,1.1237973820957734,5.828449031925115e-05,True
protein SHH4,3.273463029254838,5.8743275398067594e-05,True
Pex7p,1.3345637651240345,5.955812604977595e-05,True
Ddi1p,1.3773339953018437,5.959784960036969e-05,True
adenyl-nucleotide exchange factor SSE2,4.778131649339866,5.998972066858467e-05,True
salt homeostasis regulator,1.3774172859860379,6.03687577884381e-05,True
ubiquinol--cytochrome-c reductase subunit COR1,1.2413242292350244,6.0468548787657195e-05,True
ribosomal 60S subunit protein L42A,-1.1401811610758372,6.080346395308747e-05,True
CTP synthase URA8,1.2553323858473862,6.0803586840461066e-05,True
hypothetical protein,1.7390677123802782,6.0969072870694916e-05,True
ribosomal protein P1B,-1.010154610275837,6.14678790664376e-05,True
Mnn4p,1.0408729337407108,6.181295674683556e-05,True
H(+)-transporting V0 sector ATPase subunit a,-1.1355270501309818,6.413143113483042e-05,True
glycerol-1-phosphatase RHR2,-1.531175023152361,6.544240236536828e-05,True
cystathionine gamma-synthase,1.1532408536925063,6.580773561447563e-05,True
Bns1p,2.5490648387649277,6.734773564653306e-05,True
diacylglycerol O-acyltransferase,1.306707950894241,6.764420051117637e-05,True
acetyl-CoA hydrolase,2.5892167534993273,6.818939989223904e-05,True
O-phospho-L-serine:2-oxoglutarate transaminase,-1.2228960958188848,6.876009198120936e-05,True
type 1 protein phosphatase-activating protein SDS22,1.2104276850712559,6.894376016875885e-05,True
Azf1p,1.3179363971307851,6.963996800375117e-05,True
hypothetical protein,2.3808401862549724,6.985431634543735e-05,True
ribosomal 40S subunit protein S6B,-1.0261601964372034,7.075860419432192e-05,True
Ndl1p,1.8163512808582771,7.193130857511372e-05,True
Dic1p,1.5690521827466135,7.224985177306626e-05,True
cystathionine beta-lyase STR3,1.2545585604552638,7.226847479166785e-05,True
Qdr3p,1.0559980958429156,7.344465834042193e-05,True
ribosomal 60S subunit protein L2B,-1.278973442307695,7.397214978513077e-05,True
carnitine O-acetyltransferase YAT2,3.5538679729406875,7.448273481729777e-05,True
hypothetical protein,1.4427974714574323,7.509409912617916e-05,True
thioredoxin-disulfide reductase TRR2,1.9598114831711175,7.693521996118302e-05,True
putative serine/threonine protein kinase ENV7,1.3449518612122406,7.838493701006215e-05,True
hexokinase 2,-1.290831128747639,7.872961613660411e-05,True
mitochondrial 37S ribosomal protein YMR31,2.112490366506024,7.939980168341733e-05,True
mitophagy protein ATG32,1.9334767948007707,8.019581491826042e-05,True
glucose-induced degradation complex subunit VID28,1.5350629733677672,8.277374345164914e-05,True
septin SPR28,2.4077255515472995,8.358054469194038e-05,True
"alpha,alpha-trehalase NTH1",1.8891951375565048,8.38993003480391e-05,True
NADH-ubiquinone reductase (H(+)-translocating) NDE2,5.52058123509763,8.600012608679784e-05,True
ubiquinol--cytochrome-c reductase subunit 10,1.5404682632622873,8.789973562568987e-05,True
Ubx3p,1.3350063560634027,8.967264032784845e-05,True
putative DEAD-box ATP-dependent RNA helicase DBP1,2.8047390941011594,8.998283459101904e-05,True
Cox20p,1.8359549257272212,9.027865899783389e-05,True
hypothetical protein,-1.4044015006770039,9.109343360409382e-05,True
Hbt1p,3.872049477815029,9.164468816376076e-05,True
Ist1p,1.2405848419556023,9.173862856658586e-05,True
ribosomal 60S subunit protein L37A,-1.0293043140824096,9.188053897120027e-05,True
ribonuclease P/MRP protein subunit POP6,1.1099670323457174,9.218723253530623e-05,True
ribosomal 40S subunit protein S26B,-1.7578508766568213,9.271026794043886e-05,True
hydroxyacylglutathione hydrolase GLO4,2.5102798152482677,9.452836735960653e-05,True
Tfs1p,3.414951875224774,9.509926197819712e-05,True
phosphoglycerate dehydrogenase SER33,-1.676909850356414,9.533324176143669e-05,True
ubiquitin-protein ligase peroxin 2,1.4760890057712848,9.537009348348574e-05,True
serine/threonine protein kinase PRR2,4.194753367550676,9.616825290717428e-05,True
hypothetical protein,2.0022421000792816,9.64547238072313e-05,True
thioredoxin peroxidase PRX1,2.9468018667823124,9.753692663048169e-05,True
carboxypeptidase C,1.6669290503099283,9.75813802561342e-05,True
cAMP-dependent protein kinase catalytic subunit TPK2,1.930450783312546,9.839361893570526e-05,True
hypothetical protein,-1.070568199756229,0.00010077166085407155,True
ribosomal 40S subunit protein S26A,-1.0211253886332887,0.0001013186207787601,True
hypothetical protein,2.993522841567686,0.00010176580446544986,True
Gpb2p,1.0418414779152219,0.00010450130973282994,True
Atg22p,1.4288176266539239,0.00010510571256283325,True
tetrafunctional fatty acid synthase subunit FAS1,1.6443273222691657,0.00010524049234870932,True
ribosomal 40S subunit protein S9B,-1.425009551671259,0.00010594055372044653,True
hypothetical protein,2.8125209305444385,0.00010732690643592542,True
phosphopantothenate--cysteine ligase CAB2,1.0125948003352168,0.00010790643828297898,True
Jen1p,8.733434944845829,0.00011007044698995851,True
ribonucleotide-diphosphate reductase subunit RNR2,1.9055432425027208,0.00011017880544109965,True
5-methyltetrahydropteroyltriglutamate-homocysteine S-methyltransferase,-1.5875361236224865,0.00011045512006962574,True
Nca2p,1.7590254344014253,0.00011054116007354609,True
lysophosphatidic acid acyltransferase ICT1,1.321350239518992,0.00011065165705014668,True
Ecl1p,2.4372507225859437,0.00011316433260979103,True
Ctf19p,1.4882905788909953,0.00011538533920972833,True
serine/threonine protein kinase RIM11,1.3662306219925897,0.00011617806915353165,True
Aha1p,1.2487448106202494,0.00011720884812237259,True
ribosomal 60S subunit protein L26A,-1.0206483188309825,0.00011747292462449244,True
adenylosuccinase ADE13,-1.5700362205982703,0.00011780237993284466,True
"alpha,alpha-trehalase ATH1",3.0355735402785538,0.00011836185484760965,True
Yro2p,5.533119935730371,0.00011883562404819343,True
sterol esterase,-1.007499657615913,0.00011993894507140544,True
delta(24(24(1)))-sterol reductase,-1.0723660216923099,0.00012200021260229682,True
glucose-induced degradation complex subunit FYV10,2.201514212038988,0.0001233499135732167,True
Ast2p,1.7578994608703171,0.00012358848963703436,True
Thi73p,1.6699819111689629,0.00012512189578906162,True
Rup1p,1.006092541720184,0.00012622323441130494,True
Rev3p,1.197767961369789,0.00012701130450613242,True
hypothetical protein,2.827132022780168,0.0001270118489244892,True
Shc1p,3.619699782018408,0.00012723118443437763,True
Mag1p,1.1888825737065716,0.0001273296037166114,True
Irc18p,2.8770802810178524,0.00012786778282319964,True
Ran GTPase GSP2,3.051442065764154,0.00012898096726242895,True
hypothetical protein,2.713582770726912,0.00013091182397567328,True
hypothetical protein,5.0309526216498295,0.00013110152956054323,True
putative indolepyruvate decarboxylase family protein,2.071860092060649,0.00013789863028074566,True
Edc2p,1.953196127829119,0.00013909097069305417,True
putative protein kinase YPK2,2.3102087439836394,0.00014090640218235258,True
chaperone ATPase HSP104,3.0727730025531867,0.00014170141045379158,True
Ctp1p,-1.1935604011310277,0.00014182807038505842,True
SNAP receptor SNC1,1.3989603547998684,0.00014270527486177404,True
Ytp1p,1.8461902672687636,0.00014339103445633363,True
F1F0 ATP synthase subunit g,1.190227530181871,0.00014494069562176888,True
Spo22p,1.4068703385700645,0.00014503157869111077,True
high-mobility group nucleosome-binding protein,1.1025442707117934,0.00014555390936026114,True
Cmg1p,1.9409976262817743,0.00014562231684751132,True
hypothetical protein,1.916185489853575,0.000146182733375305,True
Shr5p,1.5890728894924289,0.00014652596378293028,True
NADHX dehydratase,2.447415771846938,0.00014718857987426997,True
glucose-induced degradation complex subunit GID8,1.387180443493481,0.00014762216416491813,True
allantoicase,1.661164152680838,0.00014871942045626007,True
Lam5p,1.7190007276638202,0.00014939970897411082,True
Cup9p,1.7900219544759883,0.0001494490886190413,True
Atg40p,1.9485548353572941,0.00015072802627188819,True
protein kinase regulatory subunit ATG17,1.4823349694716836,0.00015111389365771662,True
amidophosphoribosyltransferase,-1.6291649882799977,0.00015115209773288805,True
putative short-chain dehydrogenase/reductase,5.622646577127001,0.00015312956553939085,True
Tmc1p,1.4272822122937656,0.0001578359650576588,True
ribosomal 60S subunit protein L4A,-1.182536225707798,0.00015857757970543415,True
flavodoxin-like fold family protein,1.7547435169730354,0.0001600648487525802,True
Pex5p,1.1052233294636649,0.0001637087401967463,True
succinate-semialdehyde dehydrogenase (NAD(P)(+)),1.909845459106223,0.0001666763193674763,True
hypothetical protein,5.539726595512654,0.00016670852290989144,True
Atg33p,2.254965003597106,0.00016795025794295222,True
Agp3p,2.474093998481669,0.00016861714969601223,True
hexose transporter HXT10,2.935545752133499,0.00016862234907651368,True
DNA-(apurinic or apyrimidinic site) lyase APN2,1.0786634313392889,0.0001692735292127927,True
ribosomal 60S subunit protein L42B,-1.3696957073673186,0.00017026377484899557,True
DNA-binding transcription factor YAP1,1.126737712352197,0.00017036418432716605,True
Msc1p,5.361825308451719,0.0001706427686149676,True
ribosomal 40S subunit protein S25B,-1.2587254361717815,0.00017195135742432743,True
carbonyl reductase (NADPH-dependent) ARI1,-2.4554484533750816,0.00017222257079731973,True
Lia1p,-1.037014000676435,0.00017302280738140007,True
Hri1p,-1.0904725969204385,0.0001731174226570693,True
cytochrome c oxidase subunit VIa,1.3386696991708131,0.0001739527089201358,True
glucose-inactivated glycerol proton symporter STL1,3.3389226038767696,0.00017452518157961454,True
epoxide hydrolase,1.829585954555193,0.00017540276692537142,True
Ubx6p,2.3091514155931288,0.00017747874686619615,True
Hop1p,1.8850637980583511,0.00017787777887719162,True
Atg34p,4.194582252562721,0.00017813283998575633,True
hypothetical protein,-1.1792027521400592,0.00017815750953273577,True
serine/threonine protein kinase ATG1,2.1649651007874473,0.0001793260349669112,True
mitochondrial pyruvate carrier,-1.1779088887135494,0.0001799783772300841,True
IMP dehydrogenase IMD4,-2.073778077827823,0.00018062409689610133,True
Atg38p,1.3166299226241902,0.00018124550400342736,True
ribosomal 40S subunit protein S18A,-1.3164943787414476,0.00018256474028282326,True
ubiquitin-binding protein CUE5,1.045745461047206,0.00018276896410366415,True
alanine transaminase ALT2,1.6590764539508802,0.00018422501194356578,True
ammonium permease MEP1,1.0592587849296047,0.00018463353509125916,True
Mga2p,1.5937964840593857,0.0001861390577551387,True
Gre1p,9.280456451924705,0.00018673894130714783,True
ubiquinol--cytochrome-c reductase catalytic subunit CYT1,1.0357782757170373,0.00018708558860666328,True
histone acetyltransferase YNG2,1.1348163373309248,0.000187870839977134,True
putative aryl-alcohol dehydrogenase,1.8634206039402184,0.00018902025637066117,True
hypothetical protein,4.930350612930404,0.00018906518955021868,True
trifunctional formate-tetrahydrofolate ligase/methenyltetrahydrofolate cyclohydrolase/methylenetetrahydrofolate dehydrogenase MIS1,-1.3237627026131227,0.0001893723379193618,True
Mrp8p,2.040059094836529,0.00018969396153125495,True
phosphatase regulator,1.8513906734369536,0.00019508405116387174,True
bifunctional aminoimidazole ribotide synthase/glycinamide ribotide synthase,-1.5618599355909035,0.00019555828251703052,True
Ett1p,-1.391936832738856,0.00019669562584839255,True
F1F0 ATP synthase subunit delta,1.297203301102856,0.0001967188654232385,True
Ran GTPase GSP1,-1.1239630732644237,0.0001980987558312783,True
autophagy protein ATG9,1.5051942871614434,0.00019832821790486101,True
thiosulfate sulfurtransferase RDL1,2.325265612073279,0.00019939635712496964,True
Emp46p,2.197602291659366,0.00019976133920274636,True
pheromone-regulated DUP240 family protein PRM8,1.1159098878736318,0.00020000915910203278,True
Moh1p,4.401969628623657,0.00020168306730387813,True
adrenodoxin,-1.1170513074828543,0.00020458927717187923,True
aspartic endopeptidase,1.1344623613046805,0.00020497706744427704,True
Mnd2p,1.332721527148025,0.00020583895793866645,True
Knh1p,2.659836085938003,0.00020749443579507612,True
beta-fructofuranosidase SUC2,2.891105079416268,0.00020805435472688285,True
Rsf1p,1.824533294588993,0.00021061309323031237,True
carbonate dehydratase NCE103,3.712768429710235,0.00021074377734592474,True
hypothetical protein,2.1209887907936467,0.0002152603695847218,True
ribosomal 40S subunit protein S13,-1.065306235040099,0.00021560260780203913,True
Cis1p,5.246839385388402,0.00021667353329526032,True
ribosomal 60S subunit protein L20B,-1.0151839425841302,0.00021715512128877564,True
Rho family guanine nucleotide exchange factor ROM1,2.2644060170555793,0.00021763517431312764,True
ribosomal 40S subunit protein S10A,-1.3523873135557594,0.00021943874291932444,True
ribosomal 60S subunit protein L27B,-1.213010199886039,0.0002203420473896448,True
hypothetical protein,1.396227339008921,0.0002203521654913913,True
Pbn1p,1.1199214830761033,0.0002220840325581385,True
hypothetical protein,1.6045750287410439,0.00022271795124398757,True
ribonucleotide-diphosphate reductase subunit RNR4,1.687644876542568,0.00022404565416532345,True
triose-phosphate isomerase TPI1,-1.197277191051878,0.00022444455529595532,True
Om14p,4.0551300405077955,0.00022501844379894305,True
anaphase promoting complex subunit 9,1.4975941583623573,0.00022717680056047086,True
ribosomal 60S subunit protein L24A,-1.125409030291502,0.00022995397841576076,True
Mxr2p,1.559654728054782,0.0002300834525644058,True
Eds1p,1.5752002344781748,0.0002306537965277196,True
Sip5p,1.1891515061137516,0.0002311168969051454,True
inositol-3-phosphate synthase INO1,5.346892449447646,0.00023364677874863928,True
Aim32p,1.0422552224566788,0.0002363633357456095,True
Om45p,5.349720767917904,0.00023641137963183742,True
hypothetical protein,1.1524897388101962,0.00023801281559903577,True
hypothetical protein,1.751853659431334,0.0002400197065774144,True
Ccc1p,1.0223323753470295,0.0002445034551838177,True
Tye7p,1.9030111727805261,0.0002481078088083727,True
succinate dehydrogenase membrane anchor subunit SDH4,2.883885869693697,0.00024856120490980945,True
ribosomal 60S subunit protein L26B,-1.366217070411686,0.00024912867671948746,True
acyl-CoA oxidase,6.760686453085225,0.0002492468655995931,True
dodecenoyl-CoA isomerase,3.4756330212319893,0.00024934758811449886,True
mRNA splicing protein PRP45,1.1771323593933962,0.0002494336168048639,True
DNA-binding transcription factor CAT8,2.8807996157920206,0.00025147273471672375,True
uracil phosphoribosyltransferase,-1.0759767861832241,0.00025166504957824096,True
hypothetical protein,1.3065837157892872,0.00025176157882927236,True
Ady2p,7.3818837003766005,0.00025187939257601964,True
dolichyl-phosphate-mannose-protein mannosyltransferase,-1.1555100277428583,0.00025312611342708663,True
phosphoserine phosphatase,-1.7838191656558227,0.00025324046476780823,True
cyclin CLN1,1.3943392586919146,0.0002533154968305237,True
dithiol glutaredoxin GRX1,1.1326675340115315,0.00025375516805669436,True
ribosomal 40S subunit protein S6A,-1.3567894328624313,0.0002543647979646768,True
ribosomal 40S subunit protein S5,-1.1105139797512802,0.00025503859132494487,True
polynucleotide 3'-phosphatase,1.679805076950848,0.00025600241517169,True
ubiquitin-specific protease UBP15,1.772370791751607,0.00025744376472451965,True
v-SNARE protein VTI1,1.413987145879438,0.00025818734115495525,True
hypothetical protein,1.6457790620235402,0.00026071182178381917,True
sterol-binding protein,2.1589317522226326,0.0002633470542022845,True
flocculin FLO5,1.0399283339805976,0.00026497762627771497,True
Hms2p,-1.1146825264167983,0.00026679084775875386,True
mannoprotein,3.3314729694982548,0.000268222292923571,True
"1,4-alpha-glucan branching enzyme",3.9728516448086557,0.0002687457883611171,True
hypothetical protein,1.217936725403261,0.0002691356312353917,True
ribosomal 40S subunit protein S4A,-1.1731399419123996,0.0002715519725832247,True
putative acyltransferase,4.455090322752259,0.0002721389985250661,True
hypothetical protein,2.7398370013093154,0.00027471474981815604,True
hypothetical protein,3.4596012533591756,0.00027541388854395647,True
glutathione-independent methylglyoxalase family protein,4.415578519088711,0.0002754437105248923,True
Fes1p,1.3425840352750091,0.0002758860483326683,True
protein phosphatase regulator GIP1,1.555627240082258,0.0002760265927654066,True
glyceraldehyde-3-phosphate dehydrogenase (phosphorylating) TDH2,-2.065366532278057,0.00027669991231954417,True
Mbr1p,2.8840326873826214,0.00027678052061008067,True
Irc15p,1.7874282444322973,0.00027697105922190645,True
seripauperin PAU23,2.324814984098112,0.000277739937882498,True
citrate (Si)-synthase CIT1,1.9893960614454826,0.00027796516591278815,True
ribosomal 60S subunit protein L2A,-1.1633721815788185,0.0002794468898246115,True
Spg5p,3.1181869501391493,0.00027954417795868095,True
Ego4p,4.633869700974711,0.00027974054431981893,True
ribosomal 40S subunit protein S29A,-1.5558225706183588,0.00028036649558670713,True
Btn2p,2.7862727323332006,0.00028173593808867664,True
transcriptional regulator GAL3,2.4125730943896966,0.0002832406672067282,True
putative glutamine--fructose-6-phosphate transaminase,1.6108267613441538,0.0002834248572536059,True
Csr2p,3.0910977618773736,0.00028463824441979217,True
Mch2p,2.92821986471582,0.0002854449087659923,True
D-arabinose 1-dehydrogenase (NAD(P)(+)) ARA1,2.359722647064193,0.0002859692452494076,True
Bio5p,1.8051126299838236,0.0002862633250964779,True
ATPase inhibitor,1.772799589506059,0.00028762890522792344,True
Fmp23p,2.951710340005561,0.0002892212734928382,True
glycine hydroxymethyltransferase SHM2,-2.0648829820135735,0.0002899797081245633,True
metallo-dependent hydrolase superfamily protein,1.1717086018512455,0.00029025475725192847,True
hypothetical protein,1.5659040995111706,0.00029032682626138097,True
ribosomal 40S subunit protein S23B,-1.208367144425102,0.0002918820325006475,True
5'-(N(7)-methyl 5'-triphosphoguanosine)-(mRNA) diphosphatase,4.912368818856718,0.0002943715223666952,True
putative ATPase ECM3,-1.2162153378261955,0.00029641156153157005,True
glucose-induced degradation complex subunit VID30,1.8611728990989231,0.0002977495382889959,True
Rav2p,1.3766281074087585,0.00030415451132065005,True
Pex11p,1.9600613598533014,0.00030587059258031427,True
putative phosphomutase,-1.6540542332495294,0.0003084906838636048,True
Mf(alpha)1p,3.4693277233364253,0.00030901208366649935,True
cytochrome-b5 reductase,1.6147760624288567,0.00031262278233966574,True
rRNA methyltransferase NOP1,-1.290780941968003,0.00031271495276426073,True
Scj1p,-1.0280168680030437,0.0003144143030997043,True
oleate-activated transcription factor PIP2,1.205253083136574,0.00031813429500259535,True
carnitine:acyl carnitine antiporter,3.5358252086624335,0.0003214984807640132,True
Cin5p,3.4045710081323612,0.0003234722645211489,True
Rrt6p,2.1333676727262563,0.0003242995075873757,True
hypothetical protein,1.889958852307518,0.0003250329963101436,True
Na(+)/Li(+)-exporting P-type ATPase ENA1,1.3314921257406822,0.00032764210698981187,True
hypothetical protein,1.8952817332598566,0.0003276973545074261,True
arginine permease ALP1,2.9230995679861698,0.00032817820343679816,True
DNA-binding protein ABF2,1.016916039624788,0.000331984736769548,True
putative GDP-mannose transporter,2.4067583361300664,0.00033433949372988175,True
hypothetical protein,2.0252467539249026,0.0003365640683325564,True
U4/U6-U5 snRNP complex subunit PRP3,1.029380704343037,0.0003383852320799646,True
mitogen-activated protein kinase tyrosine protein phosphatase SDP1,1.57359335092529,0.0003387848637018564,True
stress-regulated transcription factor RPN4,1.7038009205362208,0.00033881419733140415,True
Srp40p,-1.1819264890113796,0.0003392900998246218,True
Pbi2p,3.468516250989011,0.00033933696536344845,True
snoRNP complex protein NOP56,-1.190679574197806,0.0003409939034124836,True
hypothetical protein,2.1490268414603637,0.0003417534212088041,True
Rab family GTPase YPT52,1.0539736542384732,0.0003441269685797473,True
Dap1p,1.6943349720678818,0.0003456402676330871,True
cyanamide hydratase,2.106065045916896,0.0003480369650023195,True
Msc3p,1.4497197214303856,0.0003494386988564527,True
aspartyl protease,-1.7181205217102349,0.00035140888950099954,True
Fmp33p,3.120187232393271,0.00035286841210095156,True
sulfate permease,1.361505894018527,0.00035720270897339007,True
hypothetical protein,1.2690125622333333,0.0003578068282652636,True
alanine transaminase ALT1,1.353692436449248,0.00036422774874052467,True
ubiquitin-protein ligase ASR1,1.624403312486594,0.0003644814292561086,True
ATP-binding cassette long-chain fatty acid transporter PXA2,3.613269632260606,0.0003653319733974972,True
ribosomal 40S subunit protein S22A,-1.7842918798666432,0.000366629902817409,True
Atg7p,2.2975008219984603,0.00036713390762246174,True
trifunctional formate-tetrahydrofolate ligase/methenyltetrahydrofolate cyclohydrolase/methylenetetrahydrofolate dehydrogenase ADE3,-1.2776052076147844,0.00036791201828068905,True
cAMP-dependent protein kinase catalytic subunit TPK1,1.6660235726941197,0.00037085532449297173,True
galactose-responsive transcription factor GAL4,1.2420803041262238,0.0003712811565852073,True
Sro9p,-1.279885888254018,0.00037252403348355946,True
ubiquinol--cytochrome-c reductase catalytic subunit RIP1,1.0926708547749566,0.00037267245451099373,True
Rsa1p,1.2304089432916312,0.0003794074744598544,True
methylisocitrate lyase ICL2,4.288223912996637,0.00038028688135895286,True
sepiapterin reductase family protein IRC24,1.6879256549967678,0.00038036503172076633,True
Rho family GTPase RHO5,1.4864480043390378,0.0003813676046006378,True
Mth1p,2.094014289755531,0.0003827077764627826,True
ribosomal 60S subunit protein L23A,-1.4700368796529197,0.000384211173854338,True
putative nitronate monooxygenase,1.5667258335202594,0.00038486432211993826,True
Gat2p,1.9256008574913102,0.0003857876195686856,True
phosphoribomutase PRM15,1.820500125357325,0.00038619860887981774,True
omega-class glutathione transferase,2.263454386245589,0.0003905074509312442,True
phenylalanine--tRNA ligase subunit beta,-1.0781687261436987,0.0003932150749935675,True
serine/threonine protein kinase YAK1,1.9458439233252456,0.0003944025512131434,True
Tma19p,-1.2384462366535942,0.00039556614335270457,True
Pho88p,-1.0443807216569638,0.00039732440677106416,True
Fus2p,1.2379877901617027,0.00039993663671397884,True
borate transporter,-1.5448243878777745,0.00040175128479667886,True
Snx4p,1.2775323758587582,0.0004060024684121426,True
Izh3p,1.1809884644094488,0.0004103100589237173,True
ubiquinol--cytochrome-c reductase subunit 9,1.0015742960741232,0.0004114155163766725,True
ribosomal 60S subunit protein L11A,-1.3228105628195301,0.0004165650311086037,True
hypothetical protein,1.882021231154126,0.0004173030896093727,True
ribosomal 60S subunit protein L16B,-1.1762229363969432,0.0004281962246915164,True
Pex28p,1.5541043747298398,0.00043262995554940536,True
cytochrome c oxidase subunit VI,1.1077743008953114,0.00043328053270841126,True
Std1p,-1.358893374228121,0.0004342679377795185,True
triglyceride lipase,2.0265256287477538,0.000434442167089851,True
pheromone-regulated protein PRM3,1.3045568029042562,0.00043488770263072906,True
RNA-processing protein NOP58,-1.327735843925061,0.00043502054837942763,True
ATP phosphoribosyltransferase,-1.0280833387600907,0.0004388823187159685,True
ribosomal 60S subunit protein L16A,-1.2420630769082468,0.0004389691683801641,True
DNA-dependent ATPase RAD26,1.0656839210532953,0.0004390444860241787,True
Pin3p,1.5047643590451196,0.00043949214478225524,True
protein kinase FRK1,1.1353565461807058,0.00044091728924713013,True
Usv1p,4.121206776946002,0.00044148869388740573,True
phenylpyruvate decarboxylase ARO10,2.62675288408482,0.00044154356428316904,True
hypothetical protein,2.6286159313659367,0.0004416479531589272,True
phosphatidylinositol-3-phosphate-binding ubiquitin-protein ligase,2.32301545248263,0.00044189769117622516,True
hypothetical protein,1.1930788044738483,0.0004442703570896624,True
2-isopropylmalate synthase LEU9,-1.255576655120584,0.00044533450217597444,True
trifunctional aldehyde reductase/xylose reductase/glucose 1-dehydrogenase (NADP(+)),1.8964546637566606,0.00044716153742501157,True
Cbp4p,2.0767485881041168,0.0004479246221112049,True
Emi1p,1.1642426096206036,0.0004512421959077784,True
Dal80p,2.1517528021421057,0.00045272876322854336,True
hypothetical protein,1.673016765300809,0.0004547388923057651,True
putative amidase,1.188568780376991,0.00045685977078065664,True
ribosomal 60S subunit protein L5,-1.2649199187429208,0.00046099766925186355,True
ribosomal 60S subunit protein L31B,-1.3100763982743207,0.0004631082781337653,True
S-adenosylmethionine-dependent methyltransferase,-1.0806280378932502,0.0004652055132470888,True
protein kinase NNK1,1.6641562882363612,0.00046612485082977664,True
alpha-ketoglutarate dehydrogenase KGD1,1.9370879014401128,0.00046630762946341716,True
putative iron-binding protein ISU2,-1.2212043136425699,0.00046717882964420474,True
cytochrome c oxidase subunit VIII,1.0496248664573944,0.00047079091636546594,True
Ysw1p,1.2227825087196176,0.00047603497104537965,True
putative lipase,7.066397129697092,0.00047705027114268634,True
Cmc4p,2.150998477713757,0.000481009995262424,True
putative dehydrogenase BDH2,3.3731048352464925,0.0004856502663980516,True
hypothetical protein,4.166295993249939,0.0004866854688986362,True
methylenetetrahydrofolate dehydrogenase (NAD(+)),-1.067287332546658,0.000489754948084609,True
phosphatidylinositol transporter,-1.09847362197236,0.0004933970672046463,True
hypothetical protein,2.068876192259107,0.0004944777680978595,True
hypothetical protein,2.785889775250684,0.000496941321760904,True
Mcp1p,1.5205209697598505,0.0004982821969671952,True
spermine transporter,-1.9252590719915728,0.000500212538132956,True
Ypt35p,1.5381148675562493,0.000501742436461915,True
putative hydroxyacid dehydrogenase,1.3979712616140336,0.0005050972564095943,True
aldehyde dehydrogenase (NAD(+)) ALD2,1.9449351600655889,0.0005063415910388497,True
Rts3p,3.44305286619338,0.0005086143966267136,True
carboxypeptidase C PRC1,1.6537332740839892,0.0005122363258007554,True
hypothetical protein,1.1811574272553766,0.0005154240050942431,True
Ecm13p,3.599998077749892,0.0005168252971278895,True
2-isopropylmalate synthase LEU4,1.334729595401198,0.0005175671927485997,True
Yig1p,6.3823315198882815,0.0005203727859829998,True
Msa2p,1.0320366886153112,0.0005219940300606535,True
ribosomal 60S subunit protein L12A,-1.138801914953163,0.0005379663920485304,True
adenosylmethionine-8-amino-7-oxononanoate transaminase,1.856411746607542,0.0005380002596921456,True
Set6p,1.8640544905867347,0.0005385564575126793,True
D-lactate dehydrogenase,-1.9248600683003705,0.000546437696184632,True
ribosomal 40S subunit protein S16B,-1.198798417213979,0.0005482013587641566,True
polyamine oxidase,1.113533405163592,0.0005490181825700408,True
D-amino-acid N-acetyltransferase,1.3185837706563968,0.0005504525798709757,True
ribosomal 60S subunit protein L7A,-1.2448719011051939,0.0005534957111483046,True
catalase T,5.128518033861599,0.0005570851860870686,True
glutamyl-tRNA(Gln) amidotransferase subunit F,1.058687720820342,0.0005661401920337345,True
F1F0 ATP synthase subunit 5,1.0645178699488138,0.0005666032978738746,True
cation-transporting P-type ATPase PCA1,1.8866084447757778,0.0005672576884764323,True
F1F0 ATP synthase subunit epsilon,1.7830782025898717,0.0005740445067578169,True
Rad28p,1.4419828343374097,0.000578055834942066,True
Yim1p,1.9985340621931638,0.0005835966438173335,True
TFIIH complex subunit TFB6,1.0093176777203459,0.0005840475686350033,True
hypothetical protein,1.3336025507070781,0.0005877352258899638,True
hypothetical protein,2.427923627184786,0.0005890838496290966,True
hypothetical protein,1.9700525289784254,0.0005910097149563901,True
Irc23p,1.256394836305767,0.0005947909622948875,True
Kel3p,-1.3377249741093529,0.0005991135020129994,True
hypothetical protein,1.2440788668249834,0.0006068272337555303,True
type II HSP40 co-chaperone SIS1,1.4182514226153335,0.0006073149241715378,True
ribosomal 40S subunit protein S8B,-1.482562612526138,0.0006082703355157192,True
alpha-glucosidase MAL32,4.265917458489383,0.000612586022487273,True
Cti6p,1.0706991882032204,0.0006140436084400214,True
Sol1p,1.304243496930586,0.0006188722987448849,True
S-adenosylmethionine-dependent methyltransferase,1.9523918221989947,0.0006199895618488045,True
hypothetical protein,2.4577538517196533,0.0006210238330173942,True
putative phenylacrylic acid decarboxylase FDC1,1.0519770899329974,0.0006302471070055665,True
protein AIM2,1.0498928557128453,0.0006349234002878661,True
hypothetical protein,2.2704857046417395,0.0006372604526915195,True
hypothetical protein,4.679115722625564,0.0006395706912009194,True
Bsc5p,2.2782594002804593,0.0006397036954216189,True
aldo-keto reductase superfamily protein,3.510910107032256,0.0006429975243390921,True
Atg14p,1.3856271265080902,0.0006444096973199733,True
acetyl-CoA C-acyltransferase,6.03083342863685,0.0006448482489692444,True
hypothetical protein,3.7670289999748876,0.0006462789385517024,True
Ngr1p,1.679241783063019,0.0006493540855685153,True
deoxyribodipyrimidine photo-lyase PHR1,1.2723775613998352,0.0006501322951757187,True
hypothetical protein,8.588104692255676,0.0006509336513149751,True
Vps60p,1.1065063926380576,0.0006520054212832599,True
AAA family ATPase peroxin 1,1.1788919428534999,0.0006541030157784413,True
bifunctional phosphoribosylaminoimidazolecarboxamide formyltransferase/IMP cyclohydrolase ADE17,-2.00349758278914,0.0006621517650109778,True
Ree1p,1.6865662316640702,0.0006660225710832303,True
ribosomal 60S subunit protein L36A,-1.0463387162285294,0.000666725923697124,True
ribosomal protein P2B,-1.1872205205027058,0.0006723696073429846,True
lysophospholipase,1.3171992261459273,0.0006759698665004977,True
oxysterol-binding protein related protein HES1,1.4305898879635761,0.0006771198444990638,True
Etp1p,1.2978798308314152,0.0006787740662789294,True
fumarase FUM1,1.56465437341065,0.000680312695186451,True
H(+)-exporting P2-type ATPase PMA2,4.661670541576479,0.000682027932146787,True
methionine adenosyltransferase SAM2,-1.2886627619563882,0.000682086416021252,True
SUMO-targeted ubiquitin ligase complex subunit SLX8,1.3292093198297437,0.0006849798436733438,True
hypothetical protein,1.4312986121206572,0.0006885129617982254,True
indolepyruvate decarboxylase 1,-1.3742455417474684,0.0006890046877566272,True
hexose transporter HXT4,-3.5163315398533825,0.00068909090690371,True
thioredoxin peroxidase TSA2,1.6937230161106087,0.0006920860537604805,True
Rad4p,1.294632693774496,0.0006937520256466243,True
ribosomal 60S subunit protein L29,-1.4834514395836091,0.0006950671495988674,True
long-chain fatty acid-CoA ligase FAA4,1.411584347106186,0.0007031533213549075,True
putative glycine--tRNA ligase,1.3198611661076352,0.0007045056192871453,True
Gfd1p,1.125923378496128,0.0007095249721174185,True
ribosomal 40S subunit protein S17B,-1.413769666799297,0.0007099519673625133,True
pyridoxine biosynthesis protein SNZ1,1.5835462409997039,0.0007105813213610341,True
ribosomal 40S subunit protein S3,-1.1640504280862967,0.0007105822447498911,True
carbamoyl-phosphate synthase (glutamine-hydrolyzing) CPA2,1.2941290203610434,0.0007146801195614132,True
hypothetical protein,1.581350983907511,0.0007158295474169968,True
hypothetical protein,1.732165418804109,0.0007161750214097755,True
chitin deacetylase CDA2,1.5292448006212875,0.0007177816873765758,True
Blm10p,1.0154517474897915,0.0007186977148414042,True
hypothetical protein,2.2131652062950873,0.00071958560866605,True
cystathionine gamma-lyase CYS3,-1.2096325764489873,0.0007198601878243173,True
hypothetical protein,2.799750429740918,0.0007222010774682832,True
aromatic-amino-acid:2-oxoglutarate transaminase,5.3012844892932645,0.0007231088174396889,True
Pst1p,1.1957516557339751,0.0007353109314469011,True
Atg16p,1.6107748980842378,0.0007401601088089542,True
ribosomal 40S subunit protein S28B,-1.4030831624905513,0.0007427238521898034,True
hypothetical protein,-1.358312532454895,0.000743626324287065,True
Aim19p,2.2964984892106495,0.0007493695277839604,True
Rrt13p,1.5219910137661126,0.0007510863509929732,True
pyridoxine 4-dehydrogenase,2.9078191939718456,0.0007570399073680923,True
Bsc2p,2.396105467841763,0.0007570954148769338,True
Mrh1p,-1.0039007004464668,0.0007571783766583902,True
hypothetical protein,1.3340671802084625,0.0007657852543720002,True
F1F0 ATP synthase subunit h,1.2498360470814802,0.0007658899175387227,True
Gip2p,5.0449400800194,0.0007665593040434849,True
Opi10p,1.8637582970928808,0.0007696951510373476,True
glucose sensor,2.1280163751219052,0.0007736074486756364,True
ribosomal 40S subunit protein S0B,-1.2548920849963476,0.0007758399605529037,True
bifunctional urea carboxylase/allophanate hydrolase,1.196792070566211,0.0007841642938455913,True
peroxiredoxin HYR1,1.693217376437703,0.0007855428386052245,True
ribosomal 60S subunit protein L30,-1.2548015856483499,0.0007862170655544921,True
E2 ubiquitin-protein ligase peroxin 4,1.0843435181942702,0.0007892166938509469,True
Afr1p,2.229694872072811,0.0007967283067414969,True
Utr2p,-3.218674264991292,0.0008023626488058996,True
putative carboxylic ester hydrolase,2.5673043865977894,0.0008051984142121607,True
hypothetical protein,-1.0960773421770025,0.0008083257247309504,True
alanine--glyoxylate transaminase,5.052455214159549,0.0008113088049821772,True
Cst6p,1.2257919488155,0.0008153087399789881,True
Thi74p,1.0512295854015292,0.0008243927340188008,True
Fyv6p,1.0704475935202513,0.0008285264572768225,True
methionine adenosyltransferase SAM1,-2.041235111971086,0.0008311475822567916,True
adenylyl-sulfate kinase,-1.5796111455256128,0.0008311995323063369,True
Ecm15p,1.3980043101086101,0.0008331432155457714,True
succinate dehydrogenase iron-sulfur protein subunit SDH2,3.011770582147661,0.0008380818947154624,True
maltose permease,3.0263717914402104,0.000841383500833819,True
Yme2p,1.1232128200594147,0.0008414740572816879,True
Hal1p,1.9537289420913648,0.0008441409998026795,True
branched-chain-amino-acid transaminase BAT2,2.4542771235659915,0.0008443883025050139,True
isocitrate dehydrogenase (NADP(+)) IDP3,4.085470732941539,0.0008468630293008763,True
Mic19p,1.1169603522739235,0.0008513223219783355,True
putative glutamate 5-kinase,2.007930046720521,0.0008560054778816793,True
Sds24p,3.099323415786891,0.0008625472047797181,True
ribosomal 60S subunit protein L3,-1.2849353095216927,0.0008651636615595596,True
Pex18p,3.005780179900902,0.0008670584545797873,True
deoxyhypusine synthase,-1.719038614258908,0.0008697303549721527,True
Ste50p,1.1141617429468793,0.0008746716711586938,True
amino acid permease GAP1,1.6253769304771453,0.0008801157647214955,True
Bli1p,1.1425553412061475,0.0008819424735790932,True
translation elongation factor EF1B gamma,-1.526068962141112,0.000885234156540145,True
Ans1p,5.160502930132842,0.0008860409134276049,True
F1F0 ATP synthase subunit 4,1.0979783149005424,0.000886957881812212,True
malate synthase MLS1,4.999227947200966,0.0008909687189073025,True
Dse2p,-1.1526923240283837,0.0009024873575845546,True
hypothetical protein,-3.4623988990279018,0.0009058378280318168,True
ADP/ATP carrier protein AAC1,2.7364556244249774,0.0009119521906778476,True
Rtn2p,4.58258761760807,0.0009135852810388912,True
Gis3p,1.3160567526339735,0.0009244981678635692,True
carnitine O-acetyltransferase YAT1,3.1055783351380972,0.0009258097546884693,True
Sma1p,2.3353083222920272,0.0009258846665934466,True
ribosomal 40S subunit protein S23A,-1.205940247724035,0.0009330386677999251,True
Tmt1p,1.36912446033479,0.0009405323397935403,True
Esbp6p,2.1725191908851222,0.0009462293535205217,True
Fmp52p,1.7518472302666108,0.0009620748573755277,True
protein kinase PKP1,2.1581382618479967,0.0009677459976983544,True
F1F0 ATP synthase subunit k,1.2183908485732875,0.0009705197739174683,True
Atg19p,1.6074790868594437,0.0009738648513913616,True
ribonuclease P protein subunit RPR2,1.0577307293459395,0.0009763048860035819,True
cytochrome-c peroxidase,1.1649808094196992,0.0009778096359659672,True
metallo-dependent hydrolase superfamily protein,1.0240318725828446,0.0009802480177086516,True
transcription factor MAL33,1.296961404056102,0.0009815726536660098,True
mitochondrial 2-oxodicarboxylate carrier,3.1648175139470087,0.0009872384920812148,True
carbamoyl-phosphate synthase (glutamine-hydrolyzing) CPA1,1.4693303972466367,0.0009883390345029061,True
ribonucleotide-diphosphate reductase subunit RNR3,2.179406683382454,0.000991112117489729,True
nucleoside diphosphate kinase,1.5443217653054813,0.001001511361745791,True
hypothetical protein,-1.0760483780671377,0.0010023939581220301,True
Rec104p,1.9925097284577657,0.0010068249988046695,True
hypothetical protein,2.615887071965849,0.0010115414403765349,True
Ina1p,-1.7030578738765318,0.0010186740614620826,True
serine/threonine-protein kinase DBF20,1.391195038815975,0.0010254158665488392,True
hypothetical protein,3.0801213017488474,0.0010305196021328632,True
Stb2p,2.5006516806322483,0.0010388338141630535,True
Mss11p,1.1971823984418348,0.0010467695234847544,True
ribosomal protein P2A,-1.2270131668735544,0.001052795382447418,True
hypothetical protein,2.883095349072475,0.0010624620920466402,True
Mpo1p,1.806475940141989,0.0010834765355065765,True
Yct1p,1.1699641484163692,0.0011107518880073587,True
ribosomal 60S subunit protein L8B,-1.3730472625699424,0.001113264211298956,True
Pfk26p,2.9111135886001955,0.0011168798241629541,True
hypothetical protein,-1.9591330544115393,0.0011177811982745112,True
Mho1p,4.226959087470704,0.0011197168559762265,True
Cox16p,1.274394810644016,0.0011210300292271832,True
Bol1p,1.2579717002191018,0.0011228607898181974,True
NADH-ubiquinone reductase (H(+)-translocating) NDI1,2.0129570948482227,0.0011343692464526082,True
Ras family guanine nucleotide exchange factor BUD5,1.0981811011546379,0.0011404983527391543,True
Spo73p,1.3844409693081268,0.0011450291071897754,True
putative acid phosphatase DIA3,2.6171108168472186,0.0011505987419037666,True
hypothetical protein,1.7252419867761901,0.0011527463032368318,True
hexose transporter HXT1,-1.9648542892650163,0.0011536816910076742,True
Mfg1p,1.0744725820354368,0.001159200976184085,True
hypothetical protein,1.9287229330049875,0.0011767561147992438,True
4-amino-5-hydroxymethyl-2-methylpyrimidine phosphate synthase,2.0216542018468324,0.0011944451795651697,True
Fmp25p,1.04307543200325,0.0011965273138756039,True
putative electron-transferring-flavoprotein dehydrogenase,1.4872203098766592,0.0012018609276031528,True
hypothetical protein,1.04750662622454,0.0012022784905017473,True
flavodoxin-like fold family protein,1.7623610633157965,0.00120377550289416,True
Sna2p,1.6504733977252126,0.0012118883925819773,True
hypothetical protein,2.695781089207168,0.0012197721724287085,True
hypothetical protein,1.0786160601360981,0.0012230935173216007,True
branched-chain amino acid permease BAP2,3.5520996944650935,0.0012301812811458014,True
ribosomal 40S subunit protein S19A,-1.1013239324484712,0.0012344996134987056,True
bifunctional nucleotidase/lysophosphatidic acid phosphatase,2.2404388424285693,0.0012412941886303659,True
serine/threonine protein kinase PKH2,1.4361308817810343,0.0012509205107651034,True
GMP synthase (glutamine-hydrolyzing),-1.388948804193178,0.0012512564131707486,True
DNA 5'-adenosine monophosphate hydrolase,1.631768203964807,0.0012544079445226067,True
hypothetical protein,2.3046922329127026,0.0012565692960020947,True
hypothetical protein,6.1036148076722085,0.0012576892127494786,True
Whi4p,1.0870745365591974,0.001259378651253426,True
hypothetical protein,1.6058136482757166,0.0012613590284741535,True
ribosomal 60S subunit protein L17B,-1.1053365360099914,0.001276873534935186,True
Sps22p,1.7846685984159505,0.001282197245020171,True
putative tyrosine protein phosphatase MIH1,1.339025528573346,0.0012919987622846672,True
Gal11p,1.0976558573691992,0.0012944106200886523,True
Frt2p,1.0347852115516267,0.0012951509487894605,True
Lee1p,4.830405119382002,0.0012957252693917452,True
Sip2p,2.3658418120283637,0.0012965570180952287,True
Hsp70 family chaperone SSA2,-1.1053015032657374,0.0013017276466951364,True
hypothetical protein,2.5735459076035476,0.001305846830109673,True
"bifunctional fructose-2,6-bisphosphate 2-phosphatase/6-phosphofructo-2-kinase",2.6809129375513914,0.0013088037121445698,True
hypothetical protein,3.848021966057196,0.0013110731435400848,True
Ecm21p,1.0520283425593728,0.0013164328229679056,True
hypothetical protein,2.1500146057309415,0.0013167038217110681,True
Utp9p,-1.0485851999126155,0.0013334320782555267,True
holo-[acyl-carrier-protein] synthase,1.5745412154918874,0.0013337740973796966,True
DNA-directed DNA polymerase IV,1.161618929904372,0.001339934577580639,True
hypothetical protein,2.71123587831479,0.0013471743695764214,True
putative ammonium permease ATO2,5.659769011699273,0.001348997229638451,True
glutamine permease GNP1,-1.7595527712517667,0.0013495469700210328,True
aldehyde dehydrogenase (NAD(+)) ALD3,3.8315320776776383,0.0013594398230590376,True
Rcr2p,1.3291439208440678,0.0013648071060906632,True
Crf1p,3.145406763555873,0.0013655292491100291,True
putative serine hydrolase,-1.6271272013391256,0.0013661601801000084,True
Hsp70 family ATPase SSB1,-1.473000705127765,0.001370503431153032,True
hexose transporter HXT5,7.0810388764037455,0.0013758937495156956,True
SNAP receptor PEP12,1.66269864586625,0.0013802802283568508,True
NADPH:quinone reductase,4.029632716584117,0.0013975088911873696,True
Ics2p,3.408278958814396,0.0013979559497526801,True
Atg36p,2.981702039688435,0.0014010323295635587,True
proteolipid ATPase,-1.4978007094664747,0.001402105960321989,True
malate dehydrogenase (oxaloacetate-decarboxylating),-1.8254856753455204,0.0014093402836181633,True
ubiquitin-protein transferase activating protein PEX22,1.310254519517601,0.001414308522363599,True
bifunctional diacylglycerol cholinephosphotransferase/ethanolaminephosphotransferase,-1.2910680532931966,0.0014198964443257564,True
indolepyruvate decarboxylase 6,4.852261805637532,0.0014199439026057038,True
phosphopyruvate hydratase ERR3,4.274804367855561,0.001426099221600705,True
pyridoxine biosynthesis protein SNZ3,1.7584131613045142,0.0014282792124650399,True
SUMO ligase MMS21,1.0576749440616333,0.0014395826269248259,True
acylglycerone-phosphate reductase,2.27374541658566,0.0014440391478201307,True
glutathione-independent methylglyoxalase family protein,4.797521483466878,0.0014471570970899194,True
Mfm1p,1.6715197865007316,0.0014567363944998852,True
4-amino-5-hydroxymethyl-2-methylpyrimidine phosphate synthase,2.8253546680714074,0.0014641818095857857,True
cytochrome c isoform 2,2.4869654802389083,0.0014645017692132768,True
Sen15p,1.1589340424096912,0.0014820198989620118,True
D-arabinose 1-dehydrogenase (NAD(P)(+)) ARA2,1.116505471315162,0.0014877139962623691,True
Tog1p,1.252285197772598,0.0014886311980883405,True
putative thioredoxin peroxidase SCO2,1.2961907971401834,0.001491902655464133,True
hypothetical protein,2.124350130622396,0.0015009628584589556,True
RNA lariat debranching enzyme,1.2756667188331647,0.0015191216205352254,True
hypothetical protein,1.7650142754027534,0.001522622919729999,True
hypothetical protein,1.697086443162736,0.00152357092419769,True
glycerol kinase,2.9749488373524686,0.0015240094262625478,True
alpha-mannosidase,4.044254715211579,0.0015272042382365354,True
protein phosphatase regulator GAC1,2.1888080931567315,0.0015294635468194424,True
citrate (Si)-synthase CIT3,4.770269245100663,0.001531159803937158,True
ubiquinol--cytochrome-c reductase subunit 8,1.1880400049030504,0.0015405118022598797,True
Fis1p,1.1496669655045233,0.001545133537056844,True
translation elongation factor EF-3,-1.0095948222790199,0.0015503212314225728,True
Pns1p,1.762664633111335,0.0015518858112649342,True
Lot5p,-1.010775693835403,0.0015537233490578986,True
putative ATP-dependent kinase,1.6538525830895079,0.0015583028835548787,True
thiamine transporter THI7,1.4922543060444733,0.0015585466373039323,True
transcription factor HAC1,-1.3686046733818564,0.0015655808894411646,True
phosphopantothenoylcysteine decarboxylase complex subunit VHS3,1.3994767720553138,0.0015705531386304402,True
methionine--tRNA ligase MES1,-1.1372009025964056,0.0015707468827643152,True
Ina17p,1.3812232159263544,0.0015791196113229288,True
glyceraldehyde-3-phosphate dehydrogenase (phosphorylating) TDH1,3.9361089015444604,0.0015871786437282299,True
hypothetical protein,4.2023615450271254,0.001588473590997139,True
Thi2p,1.5128343932367811,0.0015982166678902663,True
"alpha,alpha-trehalase NTH2",2.0455739855455426,0.0016039720846110171,True
hypothetical protein,1.1594438519442711,0.001613928858549471,True
Arr3p,1.4067403092255248,0.0016168497176821425,True
L-serine/L-threonine ammonia-lyase CHA1,1.8480225671142185,0.0016335711097057548,True
hypothetical protein,1.2022365111019706,0.0016346799364329726,True
phosphoglycerate dehydrogenase SER3,-1.1073796382800492,0.001643231415683434,True
isocitrate lyase 1,4.542795309549992,0.0016447418784910491,True
branched-chain-amino-acid transaminase BAT1,-1.1803890007319442,0.0016453522214926939,True
Cos111p,2.535697637764306,0.0016639299325294245,True
autophagy protein ATG11,1.4730526879799983,0.0016649230113345704,True
transcription factor IME1,2.306003308398132,0.0016673543219957894,True
ubiquinone biosynthesis protein COQ11,1.3621784034806934,0.0016723563712453492,True
Csm4p,4.786058017744793,0.0016771672237517676,True
hypothetical protein,1.943570365787687,0.0016837465890832892,True
Rgi1p,2.845155784902408,0.0016852536955830875,True
mitogen-activated protein kinase kinase kinase STE11,1.5798195745099877,0.0016882987833214042,True
hypothetical protein,1.4829545158948187,0.0016900828238628509,True
hypothetical protein,2.280471158320327,0.0016922641830794452,True
E2 ubiquitin-conjugating protein UBC8,2.105660884744319,0.0017040989860557805,True
putative E3 ubiquitin-protein ligase HUL4,1.275142365948898,0.0017041106561281123,True
S-adenosylmethionine-dependent methyltransferase,2.305882802999492,0.0017100161541476733,True
Far3p,1.5611845656002497,0.0017142779282330232,True
Hsp70 family ATPase ECM10,1.4782976055479575,0.0017212203489385912,True
Irc6p,1.2211909925270268,0.0017248120015942489,True
Osw5p,1.4524822263731396,0.001729780309705967,True
cytochrome c oxidase subunit VIIa,1.229157682124777,0.00173394934412844,True
hypothetical protein,1.7646377577056898,0.00173445797124306,True
ATP-binding cassette multidrug transporter PDR10,2.3481528243414,0.0017458152718835367,True
succinate dehydrogenase SDH1b,4.266834165673007,0.0017494047583037908,True
hypothetical protein,2.044551747689674,0.00174966404533562,True
ribosomal 60S subunit protein L43B,-1.3096940012053242,0.0017517241463121528,True
Rme1p,1.3693313993538947,0.0017579301739413,True
xylulokinase,1.5623858057504592,0.0017764887216660402,True
chaperone ATPase HSP78,1.9732092059526014,0.001782538141642864,True
amino acid starvation-responsive transcription factor GCN4,1.0426009808114802,0.0017870416405000675,True
Fhn1p,1.1322446705331854,0.0017945247078407821,True
type 2C protein phosphatase PTC6,1.581389137740703,0.0017968589738136154,True
dihydroxyacetone kinase,1.7981446704043793,0.0017970975532630143,True
Ssh4p,1.9810097925065344,0.001800011302965626,True
Coa2p,2.0018708138359305,0.001806875727219408,True
phosphatidylinositol/phosphatidylcholine-binding protein,1.550360565146418,0.0018145509458475932,True
putative redox protein,2.869289295557535,0.0018158360174399066,True
oxidative DNA demethylase,-1.2599165446271625,0.0018175218577542091,True
8-oxo-dGTP diphosphatase,2.437479530338806,0.0018263236320893792,True
ubiquinol--cytochrome-c reductase subunit 6,1.0364292402387782,0.0018291713941127174,True
Rmi1p,1.478468019357071,0.001829962953818567,True
cytochrome c oxidase subunit VIb,1.2186817281565254,0.001874536280993503,True
Oac1p,-1.2900058129158696,0.0018758840548343107,True
hypothetical protein,3.2049222959372052,0.0018778697259119019,True
hypothetical protein,2.764376274211396,0.0018823422151783326,True
hypothetical protein,2.1051750337661685,0.0018914323986948774,True
Zip1p,1.1643668009319912,0.0018916887842524994,True
Som1p,1.3327871762333956,0.0018941340928182518,True
ubiquitin-specific protease UBP13,1.4217783313632673,0.001894425124190286,True
Hsp90 family chaperone HSP82,2.0346599616729746,0.0019011445098443946,True
proteinase A,1.4784758026266713,0.0019203848332544746,True
Hsp70 family ATPase SSA3,5.948608748110461,0.0019207148478499298,True
Tma17p,2.9334266299068723,0.001925986259022604,True
acetyl-CoA carboxylase ACC1,1.7570277046918763,0.0019366522836343953,True
U2-type spliceosomal complex subunit CWC15,1.1149358899698782,0.001937541318104513,True
hypothetical protein,-1.0080133871563661,0.0019529954305639353,True
hypothetical protein,-1.2352520392524404,0.0019752285383438065,True
Pet18p,1.1952818321604886,0.001989167305206229,True
cysteine protease ATG4,1.6642481865255787,0.001990669996636439,True
ribosomal 60S subunit protein L17A,-1.0855271079225979,0.0020013825575151715,True
Pcl10p,1.3728055945047863,0.0020070196816134433,True
"oligo-1,6-glucosidase IMA5",2.4758958495470265,0.002009658372975937,True
NEDD8 ligase DCN1,1.0181186343135091,0.002027246923125319,True
DNA-binding domain containing protein,2.3846157979831384,0.0020301002216010938,True
ribosomal 60S subunit protein L43A,-1.0814627728641675,0.002043514106175921,True
Rim8p,1.594963255786452,0.002052972970963902,True
trehalose 6-phosphate synthase/phosphatase complex subunit,3.1162394893609355,0.002065578982983051,True
hypothetical protein,-2.833218974886664,0.002081601221388614,True
ATP-dependent DNA helicase YKU70,1.1879015895143472,0.002082981393023567,True
adenine phosphoribosyltransferase APT2,1.167875302868512,0.0020887171129213614,True
protein phosphatase regulator REG2,3.2894301608346916,0.00209721578736277,True
polyphosphatase DDP1,1.1178987997653307,0.0021039096044377613,True
hypothetical protein,1.0565304894218315,0.002116802717407034,True
homoisocitrate dehydrogenase,-1.2107518605212686,0.00212072209453854,True
RNA polymerase III-inhibiting protein MAF1,1.3701936681823756,0.002131412876372967,True
Atg2p,1.1340574294325863,0.002144695657596499,True
Rie1p,2.1413313524772883,0.002168125244021844,True
cysteine-S-conjugate beta-lyase IRC7,-1.0864510367962725,0.00217224247296462,True
Nce102p,1.8973377378696767,0.002172859499406543,True
E2 ubiquitin-conjugating protein UBC5,3.1326191225745648,0.0021729197846369385,True
H/ACA snoRNP pseudouridylase subunit GAR1,-1.2158094922555325,0.0021735333261914637,True
ribosomal 40S subunit protein S14A,-1.2489782859400425,0.0021898168113383435,True
fatty acid elongase ELO3,-1.4823321253049722,0.002190062342420284,True
Haa1p,1.3075156545209143,0.002194347773937954,True
glutathione transferase GTT2,1.9991989291192245,0.002199045990430076,True
Fun14p,1.979151844848487,0.002199067863589712,True
hypothetical protein,4.643016867234817,0.0022002946214878826,True
Pcl5p,1.357339827304079,0.002208662276143333,True
dihydroorotate dehydrogenase,-1.1195854455099967,0.0022087554148487523,True
Yrr1p,1.3808390985567955,0.0022175210684267027,True
Ssp1p,1.1950126075645815,0.0022415895467432522,True
Mdm32p,1.205139816863313,0.002244241819340405,True
Mpm1p,2.575945763711263,0.0022538516196660184,True
putative serine/threonine protein kinase VHS1,1.6159000720437118,0.0022630825657471367,True
hypothetical protein,1.4333739832729955,0.0022640684598748454,True
GTP cyclohydrolase II,1.5717737374154606,0.0022643930766178028,True
Ama1p,2.4781608350599544,0.0022757319178686192,True
Gsm1p,2.607466443798318,0.002280868038391239,True
Gyp7p,1.7026764735203201,0.002282621445064574,True
putative subtilisin-like protease YSP3,1.3820819425086115,0.0022917207086482266,True
Mud1p,1.4565441931171739,0.0022923847211574156,True
proteinase B,2.791602584652531,0.0023261061408911387,True
phosphoglucomutase PGM2,3.6066646767125263,0.002326144310138113,True
sphingolipid transporter,1.0834051005446392,0.0023560391575847815,True
DNA ligase (ATP) DNL4,1.3533623972370044,0.0023623286272369108,True
pheromone-regulated protein PRM7,-1.9319350070735388,0.0023946278106147514,True
Tsr2p,-1.0308356871547195,0.0023957426533645814,True
bifunctional hydroxymethylpyrimidine kinase/phosphomethylpyrimidine kinase,1.2389474356044277,0.0023959883947737943,True
Imp2'p,1.063348662730327,0.0023978909707451875,True
pheromone-regulated protein PRM2,1.1591914249636885,0.0024382236900947016,True
glucose-induced degradation complex subunit GID7,1.2618359549730478,0.0024655919281872008,True
Rcf1p,1.2341831239555408,0.002471209901718321,True
PAQR-type receptor,1.2839528029566463,0.002482333004836291,True
hypothetical protein,1.2064209661247527,0.00248737676285238,True
"alpha-1,3-mannosyltransferase MNN1",-1.6448793256816474,0.0024966292961594028,True
glycogen (starch) synthase GSY1,2.2671945972407657,0.002502036897647773,True
"alpha,alpha-trehalose-phosphate synthase (UDP-forming) TPS1",1.737065431824158,0.002529022501828682,True
mannitol dehydrogenase DSF1,2.7057924226089782,0.002530636343012139,True
Cox19p,1.0785178519560237,0.002531784658836368,True
ribosomal protein P0,-1.2028410507655636,0.0025385145600571586,True
protein kinase FMP48,2.1998541332272947,0.0025451514016109965,True
bifunctional 4-hydroxy-4-methyl-2-oxoglutarate aldolase/oxaloacetate decarboxylase,1.4242250658905862,0.0025535452371692035,True
Ufe1p,1.0793685607279189,0.0025546481348716977,True
hypothetical protein,1.5489587941444185,0.0025600745327322193,True
Rrt8p,1.515241747276761,0.0025717881068216936,True
DEAH-box ATP-dependent RNA helicase PRP43,-1.1223683174256909,0.0025802660825805716,True
thioredoxin TRX2,1.0567321748011764,0.002589501401348498,True
pyridoxal 5'-phosphate synthase,1.0304006879301637,0.002631131703055363,True
glycogen phosphorylase,4.551642528852835,0.002645184992453857,True
Mic26p,1.2084118300319568,0.002655323714907413,True
Sps4p,-1.1843557152463875,0.002671093303344106,True
CDP-diacylglycerol--inositol 3-phosphatidyltransferase,-1.2871118127902976,0.0026882734052737127,True
DNA-directed RNA polymerase I subunit RPA49,-1.0785812336980634,0.002704271996383954,True
Esf1p,1.1156950469386206,0.002705736495005391,True
Bsc1p,-2.552234459666432,0.002707160434892202,True
Snf11p,1.1478657593540387,0.002709028155427972,True
alpha-glucosidase MAL12,5.117199608945141,0.0027186218388944184,True
hypothetical protein,1.300055619562701,0.002726763058091655,True
Ras GTPase activating protein IRA2,1.5051507837722147,0.0027365609239492976,True
hypothetical protein,1.0383720703741197,0.0027422543804739266,True
hypothetical protein,-1.2159930124754545,0.002750688596032119,True
RNA polymerase II subunit B1 CTD phosphatase RTR1,1.1322620944397714,0.0027958414220509327,True
phosphoribosylaminoimidazolesuccinocarboxamide synthase,-1.2616196182813235,0.0028114511275644377,True
Hms1p,1.624798208029374,0.0028388891071172186,True
ribosomal 60S subunit protein L41A,-1.542686709378044,0.002846653396565061,True
hypothetical protein,1.034617001876697,0.0028827889242203347,True
omega-class glutathione transferase,2.909543659016105,0.002883458993911323,True
Fub1p,1.5592312579041936,0.00290275483138104,True
Pkr1p,-1.027736112626469,0.0029226197190684484,True
Asi2p,1.0078679019069767,0.002929403961603582,True
transcription factor HAP4,1.459002488389939,0.0029417577420803574,True
Rmr1p,1.6339674743208477,0.002948090800773528,True
lactoylglutathione lyase GLO1,1.3403167216648502,0.003006625234761208,True
hypothetical protein,1.006039249192761,0.003009481562767453,True
proline dehydrogenase,2.429353207556185,0.0030440633263620646,True
porin POR1,1.385502536863962,0.003062668867816672,True
Ups1p,1.5637346024354803,0.0030668344929982525,True
4-amino-5-hydroxymethyl-2-methylpyrimidine phosphate synthase,2.827122464944069,0.003069824905338881,True
thiamine thiazole synthase,3.206845412933222,0.003072155610218314,True
hypothetical protein,2.6640135488582852,0.0030763069453737294,True
nicotinamidase,2.910478492635442,0.0030808720541190015,True
Cnl1p,1.4768959395252574,0.0031006607368502413,True
trehalose-phosphatase TPS2,2.693328870678215,0.0031094837504346915,True
putative porin POR2,-1.2639896239241901,0.003117648419571125,True
Tpo1p,-2.0480503386588156,0.0031360922959482234,True
seripauperin PAU5,1.358838693517706,0.003138215235376718,True
alcohol O-acetyltransferase,1.0224936789657386,0.0031691469244087547,True
succinate dehydrogenase assembly factor SDH5,1.9717207978627327,0.0031822153988703486,True
hypothetical protein,1.4786144349554355,0.0031878857823854335,True
hexose transporter HXT7,5.395557071692,0.0031930211762294506,True
mRNA splicing protein SMX3,1.2372719514811257,0.003198001243584445,True
aldehyde dehydrogenase (NADP(+)) ALD4,7.029815047897611,0.003198861544076415,True
hypothetical protein,3.7987135449762026,0.003202171600014431,True
Rch1p,2.3815302876512408,0.0032267289126928717,True
hypothetical protein,-1.441998874352623,0.00324851321129152,True
hypothetical protein,2.6651068727125273,0.0032685624344750298,True
superoxide dismutase SOD2,1.7859441696245497,0.0032907665222300635,True
hypothetical protein,1.725288790767177,0.003293124760227386,True
ribosomal 40S subunit protein S27B,-1.1654422705682652,0.0032968797624421007,True
Sol2p,1.3689883149513493,0.0032998064822521806,True
putative phosphatidate cytidylyltransferase,1.5798440665743403,0.003308571642408756,True
putative serine/threonine protein kinase KIN82,1.830839374968246,0.0033118634914886826,True
17-beta-hydroxysteroid dehydrogenase-like protein,2.2192967449582284,0.003332010473913641,True
Sps100p,4.594899041333012,0.0033723212032005126,True
hexose transporter HXT9,1.123646139032223,0.0033933724748397382,True
sulfonate dioxygenase,1.2270937241014477,0.0034082624797009946,True
Nas2p,1.2679646759100498,0.0034314323887134255,True
ribosomal 60S subunit protein L24B,-1.2093494436419352,0.0034345795447275093,True
hypothetical protein,1.0723463278366667,0.0034424906044168493,True
protein kinase IME2,1.3251049190815534,0.003446403346950796,True
hypothetical protein,1.4639021023104766,0.0034474719582430285,True
hexose transporter HXT6,5.587370478390236,0.003482330953668026,True
Atg29p,2.3805750157902303,0.003514364001139311,True
medium-chain fatty acid ethyl ester synthase/esterase,-2.646480711004953,0.003534646598846416,True
Hsv2p,1.0941474601737973,0.0035423188973301854,True
Rab GTPase-activating protein MSB3,1.1363449292909964,0.003543178847062171,True
hypothetical protein,4.394136289095682,0.003563467299277627,True
Bls1p,1.3101435344780277,0.003568113524043552,True
pyridoxine biosynthesis protein SNZ2,1.5504399935425854,0.0035735233231995087,True
ornithine-oxo-acid transaminase,3.5384974413060926,0.0036030460162962312,True
Srl2p,1.0957611831120175,0.0036322181128883874,True
hypothetical protein,3.4816425140046676,0.0036471130569459016,True
hypothetical protein,1.92332812804336,0.0036572194057690574,True
hypothetical protein,1.5031343699557755,0.003665116119613945,True
chorismate mutase ARO7,-1.0920939163030274,0.00369314258127236,True
phosphoglycerate mutase family protein GPM2,2.6713734342027644,0.0037248425839709505,True
hypothetical protein,3.198676191979432,0.003724879996979955,True
"glucan 1,3-beta-glucosidase",1.0539883499026335,0.003733932155830009,True
H(+)-exporting P2-type ATPase PMA1,-1.0794862524746467,0.00375424195824214,True
cytochrome c oxidase subunit VII,1.3750843963817747,0.003766524676712085,True
Rrt1p,3.356699209120499,0.0037781938248258565,True
Rog3p,1.0069376000186159,0.0037825000697347335,True
Spp2p,1.0816235998047556,0.003796325363375543,True
Nsg1p,-1.0993636192342873,0.003808839375627219,True
Bxi1p,1.5550046112978215,0.003824574133103432,True
hypothetical protein,1.4349637487470996,0.0038577155402162804,True
Osw2p,1.241597174008517,0.003868452606053315,True
hypothetical protein,1.2773914486842592,0.0038736325313999285,True
Shy1p,1.0127631963970787,0.0038840741249135625,True
phosphoribosylformylglycinamidine synthase,-1.0504852537969471,0.00389310224694497,True
Mic27p,1.444202278123094,0.003913793401458251,True
ATPase-binding protein,2.8740560162077093,0.003921289725528088,True
Ygp1p,4.742171559819445,0.003940921227064474,True
ubiquitin,2.6805365691477734,0.003943175662575052,True
Art10p,1.3663115609665208,0.003951700524420685,True
RNA binding protein SNU13,-1.1990024339457026,0.003977040183209701,True
inositol monophosphate 1-phosphatase INM2,1.6196840221749795,0.003982408526855256,True
Ddr2p,8.322134758566042,0.003988989730787861,True
putative serine/threonine protein kinase SPS1,1.3222100923486857,0.003995650274952173,True
hypothetical protein,1.3440415175708553,0.004011444764406686,True
hypothetical protein,1.1044985757047474,0.004011523208807897,True
hypothetical protein,1.049421211112163,0.004024968340021548,True
Sng1p,1.0767819312232159,0.0040306535039347875,True
glutathione-independent methylglyoxalase family protein,4.058648599417607,0.004058711789850523,True
F1F0 ATP synthase subunit i,1.2207145526968937,0.004095551206778423,True
Mum2p,1.0027677451731014,0.0041463430687324766,True
mismatch repair protein MLH3,1.2846999341597276,0.004157561825560711,True
dolichyl-phosphate-mannose-protein mannosyltransferase PMT2,-1.1087088338752347,0.0041787558482419135,True
"ditrans,polycis-polyprenyl diphosphate synthase",1.95617341918346,0.004183238421711192,True
ADP/ATP carrier protein AAC3,-2.489109379692101,0.0042037856028199205,True
cytochrome c oxidase subunit Va,1.2453140484396403,0.00421024198632329,True
Fit1p,1.307758081963678,0.00421439395573923,True
Enb1p,-2.3902884692066513,0.004240342410034277,True
Hed1p,1.6636402360551215,0.004259961283165542,True
Pet130p,1.4873150588383064,0.004276485171088634,True
Mrx9p,1.7461061421851936,0.00430254359833802,True
hypothetical protein,-1.3132036326245697,0.004313873589203057,True
hypothetical protein,1.1399950911027146,0.004320212760548891,True
hypothetical protein,1.510283180616228,0.004346948988498318,True
putative protein phosphatase regulator PIG2,3.0137996802606852,0.004374574134864838,True
putative glucosidase SUN4,-1.3365567312171907,0.004391785898276262,True
phosphopyruvate hydratase ENO1,1.8909342647611886,0.004449558888069496,True
histone demethylase,1.2350583687413854,0.004477581642042103,True
glycogen (starch) synthase GSY2,2.21932492658988,0.004481527215736206,True
recombinase DMC1,2.1800611533684133,0.004492222536533392,True
Sna4p,1.214014895655417,0.004510235494078065,True
protein SHH3,4.030883456526523,0.004516804130877507,True
cytochrome-b5 reductase,1.8138250674384588,0.004566605437872228,True
ribonuclease P,1.031984397525357,0.004629248474506215,True
Osw1p,1.6854951574629278,0.004729871878520359,True
beta-glucan synthesis-associated protein SKN1,1.8196832060297696,0.004736817483738639,True
NADPH dehydrogenase,4.157258931566382,0.004740512641694669,True
Utr5p,1.7880932688413302,0.004860499069589341,True
Lag2p,1.2362840963292911,0.0048641501768735395,True
Spo20p,1.8952500559934025,0.004882216399084287,True
succinate dehydrogenase cytochrome b subunit SDH3,1.753886203523579,0.00493982611475111,True
ubiquitin-protein ligase RMD5,1.172055000405873,0.00495486348467459,True
3'-5' poly(A) RNA exonuclease,1.3969002341162993,0.00498743839062192,True
hypothetical protein,3.4765465490120846,0.004997995756812581,True
ribosomal 60S subunit protein L39,-1.1571130263786777,0.004999018170850767,True
putative GTPase NOG2,-1.1119967888206395,0.005007026804814016,True
phosphatase regulator,1.317087253529552,0.005009904317524324,True
asparaginase ASP1,-1.2040747535039076,0.005017017002254213,True
Fmp45p,5.3037056971955945,0.00505093155315153,True
Aly2p,1.314859499528159,0.005055390083125191,True
hypothetical protein,2.0366693200748665,0.005067626163952242,True
DNA-directed RNA polymerase III core subunit RPC11,-1.0511034082925406,0.005083972759592596,True
phosphopyruvate hydratase ENO2,-1.2891359794647101,0.005102739429381413,True
hypothetical protein,2.598334168959457,0.005132681386887302,True
4-aminobutyrate transaminase,1.4958690794544331,0.005156080809378466,True
Aim39p,1.0724135436252311,0.0051618034836624135,True
ubiquitin-like protein ATG8,2.9571048468708705,0.005218560630348936,True
Rnp1p,2.3565874159868025,0.005230581385193872,True
Far7p,1.6332656529607057,0.00525708354474306,True
Atg21p,1.0596507423207129,0.005261499840960049,True
hypothetical protein,2.2102100751299414,0.005267991697005457,True
Vcx1p,1.022510681947196,0.005277716941348359,True
allantoate permease,1.0342966482790419,0.005294781719233027,True
peptidylprolyl isomerase CPR6,1.192282289350854,0.005294826104520276,True
Hsp70 family chaperone SSA4,3.561988827528187,0.0053057164537795,True
S-glutathionyl-(chloro)hydroquinone reductase,4.224360035988054,0.0053705921499832615,True
heat shock protein HSP42,4.124937304018581,0.005376486195653687,True
sulfate permease,-1.0203816663836527,0.00538758397231372,True
hypothetical protein,1.496976178835013,0.005388707585683012,True
transcriptional regulator NRG1,1.9114779595435083,0.005421858228610595,True
hypothetical protein,1.0353379749555902,0.005465328275935628,True
lipid-binding protein HSP12,7.427210949098742,0.00556334815796169,True
hypothetical protein,1.5775440018733633,0.005658396242191008,True
Nyv1p,1.3271420639409923,0.005692799856336533,True
aldo-keto reductase superfamily protein,2.461320769201448,0.005796899719527016,True
hypothetical protein,1.330103803864006,0.005798216533007306,True
"1,3-beta-glucan synthase GSC2",2.3127753742368835,0.005824549521514608,True
NAD+ transporter,1.0792687646609642,0.005877589104390545,True
Mss18p,1.1631106396574653,0.005919502700511924,True
triacylglycerol lipase,1.09530341120945,0.005950745168878559,True
hypothetical protein,1.5621220148087835,0.005968999774574706,True
triglyceride lipase ATG15,1.2814054429020993,0.006000453645649117,True
hypothetical protein,1.6688760063734795,0.006027159469433616,True
Pex15p,1.3582353859969496,0.006062356797180742,True
Izh4p,3.7541472205388917,0.006083268761301403,True
Flo11p,-1.1814729751732598,0.006162930958499859,True
hypothetical protein,-1.640345356006903,0.006249247999919038,True
DNA-directed RNA polymerase I subunit RPA34,-1.0601714824888298,0.006267048614543937,True
fatty acid elongase ELO2,-1.0633715028247392,0.0062816955073990545,True
high-affinity Cu transporter CTR3,4.722284823612126,0.00630744862369054,True
Frt1p,1.3001179454052414,0.006359814083245079,True
phenylacrylic acid decarboxylase PAD1,1.0688996793360044,0.006439801299565178,True
hypothetical protein,1.2125146640538178,0.006465266293084055,True
hypothetical protein,1.0639791094329727,0.006479841071512291,True
Glc8p,1.0890473814982746,0.006516650801753238,True
Hxt14p,1.4593990704191413,0.006523769028597209,True
SCF ubiquitin ligase complex subunit DAS1,1.0796911241611058,0.006575405379711306,True
Cyb2p,3.9721801641672903,0.0065779503848447845,True
hexose transporter HXT2,2.3676656388998056,0.006595345506686737,True
Tbs1p,1.2027535764170678,0.006603273770203417,True
mitochondrial pyruvate carrier,5.188056099747542,0.006609805831699042,True
Wsc4p,-1.0951987462651793,0.006648637390378892,True
hypothetical protein,1.940077042636286,0.006651416232089508,True
Rox1p,1.0387814737446455,0.006663825683152084,True
hypothetical protein,1.4971048484290126,0.0066679808085443595,True
Duf1p,1.0560954323869058,0.006719014626944662,True
Dan1p,1.9551495896540416,0.006752625608776659,True
putative glucokinase,2.025565438325809,0.00677784194654207,True
phosphopyruvate hydratase ERR2,2.745631737433699,0.0068571325571161815,True
Spo77p,-1.2508282268287891,0.006861646466917557,True
Ten1p,1.5049277820909226,0.006920543184495733,True
Swd3p,-1.0828512146715905,0.007007344514706973,True
E3 ubiquitin-protein ligase HEL1,1.437705395738365,0.007095109434758542,True
Slz1p,1.1014246271128085,0.007102249527429973,True
Iml2p,1.5469164964436048,0.007102721088147245,True
Nce101p,1.0455931248182209,0.007108396229490065,True
hypothetical protein,-1.3857526503720585,0.007131607735096054,True
Rcr1p,1.0650397813579628,0.007274016340707124,True
ribosomal 60S subunit protein L37B,-1.0082374083135228,0.007320850883977534,True
hexokinase 1,5.979336440706818,0.007325016120910158,True
hypothetical protein,1.2127805205306128,0.007352421260219492,True
putative pyridoxal 5'-phosphate synthase,1.0371809161488246,0.007354959628815942,True
Yap6p,1.3768269432703262,0.007375161597117457,True
putative hydrolase,1.0118597308588897,0.007376608524544016,True
MutS family protein MSH4,1.2323930798755718,0.007401002765053467,True
Ugx2p,4.047713039920515,0.00740591154746008,True
Stp4p,1.5928819967256977,0.007406680175676085,True
Brp1p,1.8311768777468669,0.007407725432819576,True
ubiquitin-binding protein,1.707899236672687,0.007409214538229788,True
holo-[acyl-carrier-protein] synthase,1.0195506371169918,0.007411231844084191,True
aspartyl aminopeptidase,1.007673358019776,0.007477921197644133,True
ATPase-stabilizing factor family protein,4.186887016830213,0.007479857264442771,True
hypothetical protein,1.8777988587606085,0.007481009568394879,True
hypothetical protein,1.444119095210739,0.00765076833064277,True
allantoin permease,1.2348044595405288,0.007657543051889504,True
inositol polyphosphate multikinase,1.309268636357892,0.007668575980052067,True
glucokinase,3.827837412634799,0.0076999383060360116,True
hypothetical protein,1.7596172927324107,0.007716766446234347,True
Pbi1p,1.256568022742571,0.007753462097899033,True
ureidoglycolate hydrolase,1.5161921054887468,0.007763720619106344,True
cyclin-dependent protein serine/threonine kinase inhibiting protein FAR1,-1.0652705706349916,0.007796535374107895,True
alpha-factor pheromone receptor STE2,-2.193622303650833,0.007854380396696743,True
hypothetical protein,-1.4685417867560036,0.00785526610156418,True
Ecm34p,2.1428551764663566,0.007880290750206801,True
hypothetical protein,1.7299065748897147,0.007907292151593042,True
Hsp30p,4.845896576860953,0.007982715663121932,True
hypothetical protein,2.865617884450205,0.007998561526365132,True
putative mannitol dehydrogenase,2.4474937740185827,0.008074289377660308,True
alcohol O-acetyltransferase,-1.655191388361407,0.008082434266200643,True
Mpc54p,2.1455150373476757,0.008236945528083406,True
Spg4p,10.285949728732518,0.008251565339760097,True
hypothetical protein,1.535068008538285,0.008252399908260552,True
Atg31p,1.0615500687017425,0.008283436207853273,True
hypothetical protein,5.011216645564449,0.008306652126020525,True
MutS family protein MSH5,1.139892740572288,0.008414495708410633,True
Bag7p,2.424778168675122,0.008422791640169717,True
hypothetical protein,1.180612989103373,0.008428031872525148,True
hypothetical protein,3.1570279727768447,0.008589536497877083,True
DNA damage-responsive protein 48,2.4611120790597782,0.008645790887388,True
Agp2p,2.163932797679483,0.008654027947725065,True
"fructose 1,6-bisphosphate 1-phosphatase",3.3691259383671586,0.00869899070353094,True
hypothetical protein,-1.4058688545080864,0.008807619660785509,True
sulfiredoxin,2.8535351505187165,0.008821280894760121,True
hypothetical protein,3.1509157781158903,0.008899819507183996,True
Mbb1p,1.2739643053352445,0.008930784479978414,True
hypothetical protein,1.5079385609881895,0.009019309434401643,True
hypothetical protein,5.3610994806245795,0.009046291639230103,True
hypothetical protein,1.8604176737926388,0.00917277456371258,True
Nej1p,1.0952070717891251,0.009238889807092173,True
Ecm8p,1.885811940586203,0.009280430083682897,True
hypothetical protein,-2.2784060060417213,0.00935335133350582,True
seripauperin PAU7,2.2782112811059205,0.009443612322875461,True
hypothetical protein,1.1161459676831773,0.009449907059270273,True
phosphoinositide 5-phosphatase INP54,1.0405724108802907,0.009512643369411055,True
hypothetical protein,2.0488894314663195,0.009538603014298128,True
Pog1p,1.3182408240640355,0.009579222393848823,True
hypothetical protein,4.547190535409461,0.009630292153735892,True
hypothetical protein,1.0755161520663186,0.009642264872357312,True
Arp10p,1.1189899841699518,0.0096831827982347,True
hypothetical protein,-1.4701819705861485,0.009819562285936742,True
hypothetical protein,2.5407116222754684,0.009847306194370077,True
hypothetical protein,2.856744067356968,0.009896007664355992,True
hypothetical protein,1.122253047591852,0.009905884232177514,True
DUP240 family protein,-1.406560758897911,0.010149079322902693,True
Mam3p,1.0042146091202708,0.010194445611129,True
hypothetical protein,1.1405169077806843,0.010282393695333077,True
flavohemoglobin,-1.1435456484797015,0.010295263101615895,True
stearoyl-CoA 9-desaturase,1.69751226473403,0.010345962573969834,True
threo-3-hydroxy-L-aspartate ammonia-lyase SRY1,-1.1549356497348473,0.01035194246904679,True
mRNA splicing protein YJU2,1.081432461914071,0.01054362219044744,True
hypothetical protein,-1.5071270883817958,0.010568499434560707,True
seripauperin PAU2,1.8915149027372489,0.010605371989685166,True
hypothetical protein,1.6980118089163263,0.010739659639284313,True
hypothetical protein,1.5990565544730764,0.010826173915417781,True
Jid1p,1.9558634151393206,0.010851617773560777,True
ethanol metabolism protein,2.4717807821817814,0.011051519338087254,True
hypothetical protein,1.8714341778303436,0.011102024405755041,True
hypothetical protein,1.7171261748736377,0.011245101408937946,True
Spo21p,1.1049415887900582,0.011249915068592095,True
hypothetical protein,1.3863428189064502,0.011273227000770205,True
ATP-binding cassette a-factor transporter STE6,-1.4009145083823,0.011322765846190066,True
Mnd1p,1.4157429435431075,0.011566547691762897,True
Pes4p,1.4386830821524181,0.011839573625485192,True
hypothetical protein,1.1638076890865605,0.012078548775392547,True
Bop2p,2.393372239922306,0.012154812439932411,True
crossover junction endodeoxyribonuclease,1.1614092991618743,0.012164874524445285,True
putative glycosylase,1.1481822290781514,0.012259749587767176,True
Aqr1p,-1.1950437145248878,0.012335606265714746,True
hypothetical protein,1.3899039593348084,0.012477945512235399,True
putative sugar transporter,1.4509245316265726,0.012582723306295939,True
Csi1p,1.2803353202454173,0.012764582904221352,True
"fructose-2,6-bisphosphatase",1.7416188793953316,0.012869218755378237,True
phosphoribosylglycinamide formyltransferase,-1.1781663252457788,0.013044642618922499,True
Spi1p,2.7684551959191097,0.013060296483100371,True
Lso1p,2.9719467005963693,0.013274006059057401,True
hypothetical protein,1.2665798467659992,0.013453929630259702,True
GTPase-activating protein SST2,-1.3456126038034704,0.013865129209337185,True
glycerol-3-phosphate dehydrogenase (NAD(+)) GPD1,1.3020409540110505,0.013866914706145638,True
S-methylmethionine permease MMP1,1.5355077062935054,0.014126282482818562,True
Sdh6p,3.2565164573356267,0.01424680756042142,True
Tma10p,7.29809436185059,0.014309328032952175,True
Oxr1p,1.4136442601701544,0.014340539347615484,True
hypothetical protein,2.7807724468988333,0.014424947582398803,True
Epl1p,1.0596936571222777,0.014512660759627356,True
Hor7p,2.004564277676753,0.014718193162887206,True
Rab family GTPase YPT53,4.018390573696042,0.014778741156914901,True
methylglyoxal reductase (NADPH-dependent) GRE2,1.1919159746208958,0.014865918584370736,True
chitin deacetylase CDA1,2.137707904027153,0.014887425983968524,True
"glucan exo-1,3-beta-glucosidase",-1.3481828814264532,0.015234336493073401,True
Ste3p,1.61160653086726,0.01544980978898691,True
mannosylinositol phosphorylceramide synthase catalytic subunit SUR1,1.1471981051268196,0.015484677793073527,True
transcription factor MAL13,1.0012254060826202,0.015587107523008223,True
Lds1p,1.5055176926688016,0.015859251254515993,True
sedoheptulose-7-phosphate:D-glyceraldehyde-3-phosphate transaldolase NQM1,5.369848437587574,0.01643759709999799,True
hypothetical protein,-2.0567498644276103,0.01653243887419571,True
hypothetical protein,1.1977603011942795,0.016674586647467907,True
putative cytochrome P450,1.0973486844152944,0.016708652992368348,True
hypothetical protein,1.5153135617076616,0.016744625891557965,True
hypothetical protein,1.6414089758840043,0.01686341149262232,True
Yet1p,1.0074332033705025,0.016902502092977955,True
Don1p,1.6430117838598477,0.017118967526490145,True
Spo74p,1.4052578890484377,0.017213381953128815,True
Irc4p,-1.5353807514159175,0.017351471088206595,True
hexose transporter HXT15,1.235893344016646,0.017510652268652612,True
Bub2p,1.2724375540105153,0.017606866790368134,True
Srl4p,2.329050151944205,0.017621191552773315,True
Phm7p,3.954369372904818,0.01768218653151753,True
ferroxidase FET3,-2.427370830664943,0.017785252537060637,True
Rri2p,1.136045186962218,0.01802414956732897,True
protein kinase TDA1,1.2992811594582707,0.018440366540655787,True
hypothetical protein,2.432966578286727,0.018538620270524272,True
Aim17p,2.199671615037226,0.018973997905494665,True
Bsc4p,1.9947475239359056,0.019368720597099324,True
Hop2p,1.7410312164551283,0.01938707649231827,True
Loh1p,1.3658072233170744,0.019512412950092522,True
hypothetical protein,3.511816208557139,0.019603694579746585,True
Sfg1p,-1.302265019132327,0.01969552707944305,True
hypothetical protein,2.8762353308291475,0.019704331151798034,True
hypothetical protein,1.5452881583056313,0.019811251405357673,True
putative ferric-chelate reductase,1.3673860062335392,0.020145303220340135,True
Ntc20p,1.010013124121115,0.020292492601054823,True
Mam1p,1.4852884709211318,0.020353501439347364,True
hypothetical protein,2.00595546203104,0.020359801334638356,True
mating pheromone a,-1.3885510844364628,0.020514041223782857,True
hypothetical protein,1.4436232496605217,0.020537676784080246,True
Cu/Pi carrier,1.3083500729574062,0.020679938685942353,True
mRNA-binding phosphate metabolism regulator,2.051443352376159,0.02125395796308184,True
Pug1p,1.22615393990923,0.02138841423846232,True
4-amino-5-hydroxymethyl-2-methylpyrimidine phosphate synthase,2.0579621972341413,0.021565973239177312,True
hypothetical protein,2.1444543441057076,0.021777307834345595,True
L-iditol 2-dehydrogenase SOR2,1.328256833293819,0.02204408299951702,True
hypothetical protein,2.790973326224228,0.02204956174010673,True
Sae3p,2.3747171612954308,0.02258068026099959,True
Rcn2p,1.755742532667706,0.022987975695225905,True
hypothetical protein,2.907951642192196,0.02300379130133258,True
septin SPR3,1.607334830000072,0.023021110387103198,True
hypothetical protein,1.831485183759405,0.023027763420723844,True
hypothetical protein,1.3775820849069067,0.023074306810905797,True
putative pyridoxal 5'-phosphate synthase,1.2197076316812625,0.023238920848557484,True
high-affinity iron permease FTR1,-1.6258394136374612,0.024276850642388766,True
Cwp2p,2.0108171157805437,0.024330680350083008,True
Psy3p,1.1189976289047565,0.02449119731179327,True
hypothetical protein,1.5678052533288076,0.02483810301573155,True
phosphoenolpyruvate carboxykinase PCK1,2.9363369379764306,0.02537099026021415,True
Abm1p,1.650748669924035,0.025790200166501204,True
Sed1p,3.4664791461465256,0.025936633291103815,True
seripauperin PAU4,-2.2130313812999702,0.026392882729148377,True
hypothetical protein,1.4147127725063915,0.02660986540913963,True
DUP240 family protein,-1.3419632085970972,0.026745804522295174,True
Flo10p,1.0631216695995875,0.02681029067978378,True
hypothetical protein,1.3360915494119503,0.02706339487717595,True
hypothetical protein,-1.2866316267718876,0.027227688768703566,True
Aht1p,1.088638328996314,0.027309838061088023,True
hypothetical protein,1.5465835784050737,0.02831198605192242,True
Cos12p,-1.1686120677362535,0.029923976448499548,True
ammonium permease MEP2,1.1020240521807656,0.03023631393370854,True
Rtc3p,4.171355443094174,0.030293993405904593,True
GTPase-activating protein RGS2,1.1776984745376478,0.030685803082541683,True
hypothetical protein,-1.3684952244143491,0.0317863457596393,True
hypothetical protein,1.159665439557554,0.03315937540870821,True
hypothetical protein,-1.7861269110390383,0.03324850294785291,True
pheromone-regulated protein PRM5,1.897255751929726,0.0336550642977749,True
DNA-binding protein SRL3,1.9261941838133607,0.034499314390696895,True
hypothetical protein,1.2707757828630597,0.03465116401560379,True
hypothetical protein,1.569015041611153,0.037636132957640164,True
DUP240 family protein,1.438236655204904,0.0395683015758037,True
hypothetical protein,1.0075237646204442,0.03959967850697516,True
Gmc2p,1.267006179482444,0.040394692540715836,True
Afb1p,1.0690160507624298,0.04191349331212386,True
Mtc3p,1.1089652813508657,0.04272106891307926,True
hypothetical protein,1.9843325928464595,0.04276001752887083,True
basic amino acid transporter,1.0133748284030073,0.04429416918844251,True
hypothetical protein,1.1943717157109313,0.04454265846528921,True
hypothetical protein,1.1113711010511889,0.044643095643565785,True
hypothetical protein,1.8935694019527465,0.04501735442083664,True
hypothetical protein,1.3142416644468338,0.04551661644650327,True
hypothetical protein,1.6486559275215134,0.04699085521752109,True
high-affinity Zn(2+) transporter ZRT1,1.1233048793273248,0.047345845369095335,True
Dcv1p,1.6073207693417135,0.04743480269021263,True
hypothetical protein,1.6090837175704853,0.048347746794951074,True
hypothetical protein,1.4672489261806398,0.048491489808969925,True
"putative phosphatidylinositol-3,4,5-trisphosphate 3-phosphatase",1.1238512522718058,0.048912093369657524,True
seripauperin PAU22,1.365873302952579,0.048954560637287176,True
hypothetical protein,2.2009860186070034,0.049534539064648705,True
Spr2p,1.5705641744640517,0.0499884263534618,True
